id,exclude,data_statement,data_available,data_link,code_statement,code_available,code_link,spss,stata,jamovi,jasp,r,python,prism,excel,sas,lisrel,matlab,statistica,winbugs,bioestat,stan,pspp,medcalc,other
10.1016j.ptsp.2016.06.010.pdf,,none,,,,,,TRUE,,,,,,,,,,,,,,,,,
10.1016j.ptsp.2016.12.005.pdf,,none,,,,,,,,,,,,,,,,,,,,,,,Minitab
10.1016j.ptsp.2018.04.010.pdf,TRUE,none,,,,,,,,,,,,,,,,,,,,,,,
10.1016j.ptsp.2018.08.008.pdf,,none,,,,,,TRUE,,,,,,,,,,,,,,,,,
10.1016j.ptsp.2019.06.013.pdf,,none,,,,,,,,,,,,,,,,,,,,,,,
10.1016j.ptsp.2019.09.003.pdf,,none,,,,,,,,,,,,,,,,,,,,,,,
10.1016j.ptsp.2020.02.010.pdf,,none,,,,,,TRUE,,,,,,,,,,,,,,,,,
10.1016j.ptsp.2020.12.003.pdf,,none,,,,,,TRUE,,,,,,,,,,,,,,,,,
10.1016j.ptsp.2020.12.011.pdf,,none,,,,,,TRUE,,,,,,,,,,,,,,,,,
10.1016j.ptsp.2021.01.003.pdf,,none,,,,,,,,,,,,,,,,TRUE,,,,,,,
10.1016j.ptsp.2021.04.004.pdf,,none,,,,,,TRUE,,,,,,,,,,,,,,,,,
10.1016j.ptsp.2021.06.007.pdf,,none,,,,,,TRUE,,,,,,,,,,,,,,,,,
10.1016j.ptsp.2022.01.006.pdf,,none,,,,,,TRUE,,,,,,,,,,,,,,,,,
10.1016j.ptsp.2022.03.004.pdf,,none,,,,,,TRUE,,,,,,,,,,,,,,,,,
10.1016j.ptsp.2022.05.009.pdf,,none,,,,,,,,TRUE,,,,,,,,,,,,,,,
10.1016j.ptsp.2022.07.007.pdf,,none,,,,,,,TRUE,,,,,,,,,,,,,,,,
10.1016j.ptsp.2022.08.003.pdf,,none,,,,,,TRUE,,,,,,,,,,,,,,,,,
10.1016j.ptsp.2023.02.010.pdf,,none,,,,,,TRUE,,,,,,,,,,,,,,,,,
10.1016j.ptsp.2024.10.005.pdf,,none,,,,,,,,,,,,,,,,,,,,,,,
10.1016j.ptsp.2024.11.004.pdf,,none,,,,,,TRUE,,,,,,,,,,,,,,,,,
10.1016j.ptsp.2025.03.012.pdf,,none,,,,,,,,,,TRUE,,,TRUE,,,,,,,,,,
10.1016j.ptsp.2025.11.007.pdf,,onrequest,,,,,,,TRUE,,,,,,,,,,,,,,,,
10.1016j.ptsp.2026.101918.pdf,TRUE,none,,,,,,,,,,,,,,,,,,,,,,,
10.1016j.ptsp.2026.101941.pdf,,none,,,,,,TRUE,,,,,,,,,,,,,,,,,
10.108000913847.2017.1338497.pdf,,none,,,,,,TRUE,,,,,,,,,,,,,,,,,
10.108000913847.2017.1350084.pdf,,none,,,,,,TRUE,,,,,,,,,,,,,,,,,
10.108000913847.2018.1418592.pdf,,none,,,,,,TRUE,,,,,,,,,,,,,,,,,
10.108000913847.2018.1427412.pdf,,none,,,,,,,,,,,,,,TRUE,,,,,,,,,
10.108000913847.2018.1430450.pdf,,none,,,,,,TRUE,,,,,,,,,,,,,,,,,
10.108000913847.2018.1502570.pdf,,none,,,,,,,,,,,,,,,,,,,,,,,
10.108000913847.2019.1568770.pdf,,none,,,,,,TRUE,,,,,,,,,,,,,,,,,
10.108000913847.2019.1669410.pdf,,none,,,,,,TRUE,,,,,,,TRUE,,,,,,,,,,origin lab
10.108000913847.2019.1704666.pdf,,none,,,,,,TRUE,,,,,,,TRUE,,,,,,,,,,
10.108000913847.2023.2205454.pdf,,none,,,,,,TRUE,,,,,,,,,,,,,,,,,
10.108000913847.2024.2325331.pdf,,onrequest,,,,,,,,,,,,,,TRUE,,,,,,,,,
10.108000913847.2024.2421154.pdf,,online,FALSE,https://www.cpsc.gov/cgibin/NEISSQuery/UserCriteria.aspx?UserAff=CvbkBwSYvXoJ%252blc0Tfzwdg%253d%253d%26UserAffOther=9OYR9kUytIsLilKZieD5xg%253d%253d,,,,,,,,TRUE,,,,,,,,,,,,,
10.108000913847.2025.2451606.pdf,,none,,,,,,,,,,TRUE,,,,,,,,,,,,,
10.108002701367.2016.1229864.pdf,,none,,,,,,TRUE,,,,,,,,,,TRUE,,,,,,,
10.108002701367.2018.1438575.pdf,,none,,,,,,TRUE,,,,,,,,,,,,,,,,,
10.108002701367.2018.1448050.pdf,,none,,,,,,TRUE,,,,,,,,,,,,,,,,,
10.108002701367.2018.1484067.pdf,,none,,,,,,,,,,,,,,,,,,,,,,,
10.108002701367.2018.1519521.pdf,,none,,,,,,,TRUE,,,,,,,,,,,,,,,,
10.108002701367.2019.1576839.pdf,,none,,,,,,,,,,,,,,,,,TRUE,,,,,,
10.108002701367.2019.1666203.pdf,,none,FALSE,github.com/JeffSackmann,,,,,,,,,,,,,,,,,,,,,
10.108002701367.2020.1726859.pdf,,repo,TRUE,doi.org/10.17605/OSF.IO/TPA6U,none,TRUE,doi.org/10.17605/OSF.IO/TPA6U,,,,,TRUE,TRUE,,,,,,,,,,,,
10.108002701367.2020.1756198.pdf,TRUE,none,,,,,,,,,,,,,,,,,,,,,,,
10.108002701367.2021.1934378.pdf,,none,,,,,,,,,,,,,,,,TRUE,,,,,,,
10.108002701367.2021.1959508.pdf,,none,,,,,,,TRUE,,,,,,,,,,,,,,,,
10.108002701367.2021.1981539.pdf,,none,,,,,,TRUE,,,,,,,,,,,,,,,,,
10.108002701367.2022.2026865.pdf,,none,,,,,,TRUE,,,,,,,,,,,,,,,,,
10.108002701367.2022.2070120.pdf,,none,,,,,,TRUE,,,,,,,,,,TRUE,,,,,,,
10.108002701367.2022.2088675.pdf,,none,,,,,,TRUE,,,,,,,,,,,,,,,,,
10.108002701367.2022.2094307.pdf,,none,,,,,,TRUE,,,,,,,,,,,,,,,,,
10.108002701367.2022.2098230.pdf,,none,,,,,,TRUE,,,,,,,,,,,,,,,,,
10.108002701367.2024.2396146.pdf,,onrequest,,,,,,,,,,,,,,,,,,,,,,,
10.108002701367.2024.2409932.pdf,,repo,TRUE,https://osf.io/ejy8b/?view_only=ef0c6465d5eb491da3c797456708ed11,none,TRUE,https://osf.io/ejy8b/?view_only=ef0c6465d5eb491da3c797456708ed11,,,,,TRUE,,,,,,,,,,,,,
10.108002701367.2025.2542816.pdf,,none,,,,,,,,TRUE,,,,,,,,,,,,,,,
10.108002701367.2026.2612967.pdf,,online,FALSE,https://www.cdc.gov/brfss/index.html,,,,,,,,TRUE,,,,,,,,,,,,,
10.108014763141.2016.1226381.pdf,,none,,,,,,TRUE,,,,,,,,,,,,,,,,,
10.108014763141.2016.1269187.pdf,,none,,,,,,,,,,,,,,,,TRUE,,,,,,,
10.108014763141.2016.1271448.pdf,,none,,,,,,TRUE,,,,,,,,,,,,,,,,,
10.108014763141.2017.1353129.pdf,,none,,,,,,TRUE,,,,,,,TRUE,,,TRUE,,,,,,,
10.108014763141.2017.1391328.pdf,,none,,,,,,,,,,,,,,,,,,,,,,,
10.108014763141.2018.1452966.pdf,,none,,,,,,,,,,TRUE,,,,,,,,,,,,,
10.108014763141.2018.1458892.pdf,,none,,,,,,TRUE,,,,,,,,,,,,,,,,,
10.108014763141.2019.1585472.pdf,,none,,,,,,TRUE,,,,,,,,,,,,,,,,,
10.108014763141.2019.1675751.pdf,,none,,,,,,TRUE,,,,,,,,,,,,,,,,,
10.108014763141.2020.1743744.pdf,,none,,,,,,TRUE,,,,,,,,,,,,,,,,,
10.108014763141.2020.1788630.pdf,,none,,,,,,,,,,,,,,,,,,,,,,,maple
10.108014763141.2021.1887342.pdf,,none,,,,,,,,,,TRUE,,,,,,,,,,,,,
10.108014763141.2021.1890198.pdf,,none,,,,,,,,,,,,,,,,TRUE,,,,,,,
10.108014763141.2021.1922742.pdf,,none,,,,,,TRUE,,,,,,,,,,,,,,,,,
10.108014763141.2021.1925335.pdf,,onrequest,,,,,,,,,,,,,,,,,,,,,,,
10.108014763141.2021.1954236.pdf,,none,,,,,,TRUE,,,,TRUE,,,,,,,,,,,,,
10.108014763141.2021.1970796.pdf,,none,,,,,,TRUE,,,,,,,,,,,,,,,,,
10.108014763141.2021.1986124.pdf,,none,,,,,,,,,,,,TRUE,TRUE,,,,,,,,,,
10.108014763141.2021.2015427.pdf,,none,,,,,,TRUE,,,,,,,,,,TRUE,,,,,,,
10.108014763141.2021.2019303.pdf,,none,,,,,,,,,,,,,,,,,,,,,,,
10.108014763141.2022.2046144.pdf,,none,,,,,,TRUE,,,,,,,,,,TRUE,,,,,,,
10.108014763141.2022.2060853.pdf,,none,,,,,,,,,,,,,,,,TRUE,,,,,,,
10.108014763141.2022.2080104.pdf,,none,,,,,,TRUE,,,,,,,,,,,,,,,,,
10.108014763141.2022.2086169.pdf,,none,,,,,,,,,,,,,,,,TRUE,,,,,,,
10.108014763141.2022.2109504.pdf,,none,,,,,,,,,,,,,,,,TRUE,,,,,,,
10.108014763141.2022.2117642.pdf,,none,,,,,,,,,,,,TRUE,,,,TRUE,,,,,,,
10.108014763141.2022.2126326.pdf,,none,,,,,,,,,,,,,,,,,,,,,,,
10.108014763141.2022.2129089.pdf,,none,,,,,,TRUE,,,,,,,,,,,,,,,,,
10.108014763141.2022.2133740.pdf,,none,,,,,,,,,,,,,,,,,,,,,,,octave
10.108014763141.2024.2301995.pdf,,none,,,,,,TRUE,,,,,,,,,,,,,,,,,
10.108014763141.2024.2315245.pdf,,none,,,,,,TRUE,,,,,,,,,,,,,,,,,
10.108014763141.2024.2372608.pdf,,none,,,none,TRUE,https://github.com/adrianrivadulla/clustering_runners,,,,,,TRUE,,,,,,,,,,,,
10.108014763141.2025.2451689.pdf,,none,,,,,,TRUE,,,,,,,,,,,,,,,,,
10.108014763141.2025.2458475.pdf,,none,,,,,,,,,,TRUE,,,,,,,,,,,,,
10.108014763141.2025.2480094.pdf,,none,,,,,,,,,,,,,,,,TRUE,,,,,,,
10.1108IJSMS-03-2026-0193.pdf,,none,,,,,,,,,,,,,,,,,,,,,,,smart-pls
10.1108IJSMS-04-2017-0030.pdf,,none,,,,,,,,,,,,,,,,,,,,,,,
10.1108IJSMS-06-2017-0050.pdf,,none,,,,,,,,,,,,,,,,,,,,,,,smart-pls
10.1108IJSMS-06-2020-0116.pdf,,none,,,,,,TRUE,,,,,,,,,,,,,,,,,
10.1108IJSMS-06-2021-0123.pdf,,none,,,,,,,,,,,,,,,,,,,,,,,mplus
10.1108IJSMS-06-2025-0283.pdf,,none,,,,,,TRUE,,,,TRUE,,,,,,,,,,,,,mplus
10.1108IJSMS-07-2020-0120.pdf,,none,,,,,,TRUE,,,,,,,,,,,,,,,,,
10.1108IJSMS-09-2017-0103.pdf,TRUE,none,,,,,,,,,,,,,,,,,,,,,,,
10.1108IJSMS-09-2018-0093.pdf,,none,,,,,,TRUE,,,,,,,,,,,,,,,,,
10.1108IJSMS-09-2020-0162.pdf,,none,,,,,,,,,,,,,,,,,,,,,,,
10.1108IJSMS-11-2020-0208.pdf,,none,,,,,,,,,,,,,,,,,,,,,,,winsteps
10.1108IJSMS-12-2020-0232.pdf,,none,,,,,,,,,,,,,,,,,,,,,,,smart-pls
10.11771527002517696958.pdf,,none,,,,,,,,,,,,,,,,,,,,,,,
10.117715270025221148997.pdf,,none,,,,,,,,,,,,,,,,,,,,,,,
10.117715270025231156058.pdf,,none,,,,,,,,,,,,,,,,,,,,,,,
10.117715270025231187880.pdf,,none,,,,,,,,,,,,,,,,,,,,,,,
10.117715270025241239631.pdf,,none,,,,,,,,,,TRUE,,,,,,,,,,,,,
10.117715270025241260030.pdf,,none,,,,,,,,,,,,,,,,,,,,,,,
10.117715270025261434474.pdf,,none,,,,,,,,,,TRUE,,,,,,,,,,,,,
10.11771747954117716790.pdf,,none,,,,,,TRUE,,,,,,,,,,,,,,,,,
10.11771747954117721268.pdf,,none,,,,,,TRUE,,,,,,,,,,TRUE,,,,,,,
10.11771747954117727686.pdf,,none,,,,,,TRUE,,,,,,,,,,,,,,,,,
10.11771747954118787494.pdf,,none,,,,,,TRUE,,,,,,,,,,,,,,,,,
10.11771747954119853104.pdf,,none,,,,,,TRUE,,,,,,,,,,,,,,,,,
10.11771747954120952574.pdf,,none,,,,,,TRUE,,,,,,,TRUE,,,,,,,,,,
10.117717479541211009083.pdf,,none,,,,,,,,,,,,,,,,,,,,,,,
10.117717479541211027428.pdf,,none,,,,,,,,,,,,,,,,,,,,,,,
10.117717479541211033471.pdf,TRUE,none,,,,,,,,,,,,,,,,,,,,,,,
10.117717479541211066393.pdf,,none,,,,,,,,,,,,,,,,,,,,,,,
10.117717479541221074992.pdf,,none,,,,,,TRUE,,,,,,,,,,,,,,,,,SocNetV
10.117717479541221099638.pdf,TRUE,none,,,,,,,,,,,,,,,,,,,,,,,
10.117717479541221113024.pdf,,none,,,,,,TRUE,,,,,,,,,,,,,,,,,
10.117717479541221119390.pdf,,none,,,,,,TRUE,,,,,,,,,,,,,,,,,
10.117717479541221130443.pdf,,none,,,,,,,,,,TRUE,TRUE,,,,,,,,,,,,
10.117717479541221140066.pdf,,onrequest,,,,,,TRUE,,,,,,,,,,,,,,,,,
10.117717479541231155108.pdf,,withinarticle,FALSE,,,,,TRUE,,,,,,,,,,,,,,,,,
10.117717479541231171695.pdf,,none,,,,,,,,,,TRUE,,,,,,,,,,,,,
10.117717479541231181616.pdf,,none,,,,,,,,,,,,,,,,,,,,,,,GESQ; THEME
10.117717479541231208009.pdf,,none,,,,,,,,TRUE,,,,,,,,,,,,,,,
10.117717479541231208917.pdf,,none,,,,,,,,,,,,,,,,,TRUE,,,,,,
10.117717479541241243180.pdf,,none,,,,,,,TRUE,,,,,TRUE,TRUE,,,,,,,,,,
10.117717479541241249814.pdf,,none,,,,,,TRUE,,,,,,,TRUE,,,,,,,,,,
10.117717479541241301382.pdf,,onrequest,,,,,,TRUE,,,,,,,,,,,,,,,,,
10.117717479541251317043.pdf,,repo,FALSE,https://eprints.worc.ac.uk/id/eprint/14170,none,FALSE,,,,,,TRUE,,,TRUE,,,,,,,,,,
10.117717479541251319477.pdf,,none,,,,,,,,,,,,,,,,,,,,,,,
10.117717479541251320534.pdf,,none,,,,,,TRUE,,,,,,,,,,,,,,,,,
10.117717479541251342721.pdf,,none,,,,,,,,,TRUE,,,,,,,,,,,,,,
10.117717479541251352099.pdf,,none,,,,,,TRUE,,,,,,,,,,,,,,,,,
10.117717479541251362987.pdf,,supplement,FALSE,,,,,,,,TRUE,,,,,,,,,,,,,,
10.117717479541251366906.pdf,,repo,TRUE,https://osf.io/6sm37/,repo,TRUE,https://osf.io/6sm37/,,,,,TRUE,,,,,,,,,,,,,
10.117717479541251368751.pdf,,none,,,,,,,,,,,,,,,,,,,,,,,
10.117717479541251406508.pdf,,none,,,,,,TRUE,,,,,,,,,,,,,,,,,
10.117717479541251411829.pdf,,repo,TRUE,doi.org/10.6084/m9.figshare.30883916,none,,,TRUE,,,,,,,,,,,,,,,,,THEME
10.117717479541261457430.pdf,,onrequest,,,,,,,,,,,,,,,,,,,,,,,
10.117717479541261474870.pdf,,onrequest,,,,,,TRUE,,,,,,,,,,,,,,,,,
10.117717479541261475277.pdf,,none,,,,,,,,,,,,,,,,,,,,,,,
10.117717479541261475500.pdf,,repo,TRUE,https://figshare.com/s/aa7cc5b7910e92e3baf2,repo,TRUE,https://figshare.com/s/aa7cc5b7910e92e3baf2,,,,,TRUE,,,,,,,,,,,,,
10.1515hukin-2017-0046.pdf,,none,,,,,,TRUE,,,,,,,,,,,,,,,,,
10.1515hukin-2017-0071.pdf,,none,,,,,,TRUE,,,,,,,,,,,,,,,,,
10.1515hukin-2017-0144.pdf,,none,,,,,,TRUE,,,,,,,,,,,,,,,,,
10.1515hukin-2017-0174.pdf,,none,,,,,,,,,,,,,,,,TRUE,,,,,,,
10.1515hukin-2017-0191.pdf,,none,,,,,,TRUE,,,,,,,,,,,,,,,,,THEME
10.1519SSC.0000000000000420.pdf,TRUE,none,,,,,,,,,,,,,,,,,,,,,,,
10.1519SSC.0000000000000430.pdf,TRUE,none,,,,,,,,,,,,,,,,,,,,,,,
10.1519SSC.0000000000000465.pdf,TRUE,none,,,,,,,,,,,,,,,,,,,,,,,
10.1519SSC.0000000000000476.pdf,TRUE,none,,,,,,,,,,,,,,,,,,,,,,,
10.1519SSC.0000000000000479.pdf,TRUE,none,,,,,,,,,,,,,,,,,,,,,,,
10.1519SSC.0000000000000719.pdf,TRUE,none,,,,,,,,,,,,,,,,,,,,,,,
10.1519SSC.0000000000000794.pdf,TRUE,none,,,,,,,,,,,,,,,,,,,,,,,
10.1519SSC.0000000000000808.pdf,TRUE,none,,,,,,,,,,,,,,,,,,,,,,,
10.1519SSC.0000000000000842.pdf,TRUE,none,,,,,,,,,,,,,,,,,,,,,,,
10.2478hukin-2019-0002.pdf,,none,,,,,,TRUE,,,,,,,,,,,,,,,,,
10.2478hukin-2019-0032.pdf,,none,,,,,,TRUE,,,,,,,,,,,,,,,,,
10.2478hukin-2019-0115.pdf,,none,,,,,,,,,,,,,,,,,TRUE,,,,,,
10.2478hukin-2020-0017.pdf,,none,,,,,,,,,,,,,,,,,TRUE,,,,,,
10.2478hukin-2020-0023.pdf,,none,,,,,,,,,,,,,,,,,TRUE,,,,,,
10.2478hukin-2021-0040.pdf,,none,,,,,,,,,,,,,,,,,,,,,,,
10.2478hukin-2021-0108.pdf,,none,,,,,,TRUE,,,,,,,,,,,,,,,,,
10.2478hukin-2022-0039.pdf,,none,,,,,,TRUE,,,,,,,,,,,,,,,,,
10.5114jhk159605.pdf,,none,,,,,,,,,,,,,,,,,,,,,,,
10.5114jhk183543.pdf,,none,,,,,,TRUE,,,,,,,,,,,,,,,,,
10.5114jhk186341.pdf,,none,,,,,,TRUE,,,,,,,,,,,,,,,,,
10.5114jhk189425.pdf,,none,,,,,,,,TRUE,,,,,,,,,,,,,,,
10.5114jhk202929.pdf,,none,,,,,,TRUE,,,,,,,,,,,,,,,,,
10.5114jhk205466.pdf,,none,,,,,,TRUE,,,,,,,,,,,,,,,,,
10.5114jhk222302.pdf,,none,,,,,,,,TRUE,,,,,,,,,,,,,,,
10.52082jssm.2022.104.pdf,,onrequest,,,,,,TRUE,,,,,,,,,,,,,,,,,
10.52082jssm.2022.171.pdf,,onrequest,,,,,,TRUE,,,,,,,,,,,,,,,,,
10.52082jssm.2023.235.pdf,,onrequest,,,,,,TRUE,,,,,,,,,,,,,,,,,
10.52082jssm.2023.28.pdf,,onrequest,,,,,,TRUE,,,,,,,,,,,,,,,,,
10.52082jssm.2023.436.pdf,,withinstudy,FALSE,,,,,TRUE,,,,,,,,,,,,,,,,,
10.52082jssm.2023.760.pdf,,onrequest,,,,,,TRUE,,,,,,,,,,,,,,,,,
10.52082jssm.2025.626.pdf,,onrequest,,,,,,TRUE,,,,,,,,,,,,,,,,,
10.52082jssm.2026.195.pdf,,onrequest,,,,,,TRUE,,,,,,,,,,,,,,,,,
10.52082jssm.2026.691.pdf,,onrequest,,,,,,TRUE,,,,,,,,,,,,,,,,,
Casamichana2018.pdf,,none,,,,,,TRUE,,,,,,,,,,,,,,,,,
Gómez-Molina2017.pdf,,none,,,,,,TRUE,,,,,,,,,,,,,,,,,
Inglis2017.pdf,,none,,,,,,,,,,,,,,,,,,,,,,,
Ortiz2018.pdf,,none,,,,,,TRUE,,,,,,,,,,,,,,,,,
Popowczak2019.pdf,,none,,,,,,,,,,,,,,,,,TRUE,,,,,,
Tokutake2018.pdf,,none,,,,,,TRUE,,,,,,,,,,,,,,,,,
Uzelac-Sciran2020.pdf,,none,,,,,,,,,,,,,,,,,TRUE,,,,,,
