"","authors","title","doi","journal","year"
"5938","Dai, Lu; Xie, Bixia","Adaptations to Optimized Interval Training in Soccer Players: A Comparative Analysis of Standardized Methods for Individualizing Interval Interventions","10.52082/jssm.2023.760","JOURNAL OF SPORTS SCIENCE AND MEDICINE",2023
"3973","Tebar, William R.; Ritti-Dias, Raphael M.; Saraiva, Bruna T. C.; Suetake, Vinicius Y. B.; Delfino, Leandro D.; Christofaro, Diego G. D.","Physical activity levels are associated with regional bone mineral density in boys","10.1080/00913847.2019.1568770","PHYSICIAN AND SPORTSMEDICINE",2019
"2604","Kipp, Kristof","Joint and pull phase specific relative effort in weightlifting and simulated training effects","10.1080/14763141.2021.2019303","SPORTS BIOMECHANICS",2024
"3799","Garcia-de-Alcaraz, Antonio; Usero, Laura","Influence of Contextual Variables on Performance of the Libero Player in Top-Level Women's Volleyball","10.2478/hukin-2019-0032","JOURNAL OF HUMAN KINETICS",2019
"604","Li, Yao-Chune; Song, Tai-Feng; Liew, Ee Won; Wu, Sheng K.","Tracking aerobic and anaerobic fitness in table tennis players with various athletic levels: A two-year study","10.1177/17479541251389942","INTERNATIONAL JOURNAL OF SPORTS SCIENCE & COACHING",2025
"7740","Alsasua, Roberto; Lapresa, Daniel; Arana, Javier; Teresa Anguera, M.; Garzon, Belen","Successful and Unsuccessful Offensive Sequences Ending in a Shot in Professional and Elite Under-16 Basketball","10.1515/hukin-2017-0191","JOURNAL OF HUMAN KINETICS",2018
"6033","Arroyo, Ruben; Alsasua, Roberto; Arana, Javier; Lapresa, Daniel; Anguera, M. Teresa","Match analysis in wheelchair basketball: An observational analysis of the best team in the world (USA) in the 2020 Paralympic Games","10.1177/17479541231181616","INTERNATIONAL JOURNAL OF SPORTS SCIENCE & COACHING",2024
"2422","Friesen, Kenzie B.; Aguinaldo, Arnel; Oliver, Gretchen D.","Athlete body composition influences movement during sporting tasks: an analysis of softball pitchers' joint angular velocities","10.1080/14763141.2022.2060853","SPORTS BIOMECHANICS",2022
"1351","Kurt, Cem; Tuna, Gokhan; Kurtdere, Imren","Acute Effects of Slow, Moderate and Fast Tempo Dynamic Stretching Exercises on Power in Well-Trained Male Wrestlers","10.5114/jhk/183543","JOURNAL OF HUMAN KINETICS",2024
"5173","da Silva Duarte, Jonatas Deivyson Reis; Kons, Rafael Lima; Weldon, Anthony; Ouergui, Ibrahim; Gencoglu, Cebrail; Rydzik, Lukasz; Fett, Waleria Christiane Rezende; Fett, Carlos Alexandre","Strength and conditioning (S&C) practices and perceptions among kickboxing coaches and S&C coaches: A survey study","10.1177/17479541261443624","INTERNATIONAL JOURNAL OF SPORTS SCIENCE & COACHING",2026
"4304","Pogetti, Livia Silveira; Nakagawa, Theresa Helissa; Contecote, Giovanna Prado; Camargo, Paula Rezende","Core stability, shoulder peak torque and function in throwing athletes with and without shoulder pain","10.1016/j.ptsp.2018.08.008","PHYSICAL THERAPY IN SPORT",2018
"1994","Konrad, Andreas; Tilp, Markus; Mehmeti, Leutrim; Mahnic, Nik; Seiberl, Wolfgang; Paternoster, Florian K.","The Relationship Between Lower Limb Passive Muscle and Tendon Compression Stiffness and Oxygen Cost During Running","10.52082/jssm.2023.28","JOURNAL OF SPORTS SCIENCE AND MEDICINE",2023
"2831","Burton, Sophie; Vicinanza, Domenico; Exell, Timothy; Newell, Karl M.; Irwin, Gareth; Williams, Genevieve K. R.","Attractor dynamics of elite performance: the high bar longswing","10.1080/14763141.2021.1954236","SPORTS BIOMECHANICS",2024
"7160","Shahraki, Sima Forouzandeh; Minoonejad, Hooman; Tabrizi, Yousef Moghadas","Comparison of some intrinsic risk factors of shoulder injury in three phases of menstrual cycle in collegiate female athletes","10.1016/j.ptsp.2020.02.010","PHYSICAL THERAPY IN SPORT",2020
"2776","Liu, Yide; Yu, Cheng; Damberg, Svenja","Exploring the drivers and consequences of the ""awe"" emotion in outdoor sports - a study using the latest partial least squares structural equation modeling technique and necessary condition analysis","10.1108/IJSMS-12-2020-0232","INTERNATIONAL JOURNAL OF SPORTS MARKETING & SPONSORSHIP",2022
"731","Malamud, Ofir; Murad, Roj; Fernandez, angel Garcia; Clubb, Jo; Beato, Marco","Seasonal analysis of training and match running demands in U15-U16 elite Spanish football players","10.1177/17479541251362987","INTERNATIONAL JOURNAL OF SPORTS SCIENCE & COACHING",2026
"7029","Harris, Dale M.; Caillaud, Kevin; Khullar, Saumya; Haff, G. Gregory; Latella, Christopher","The reliability of a linear position transducer and commercially available accelerometer to measure punching velocity in junior boxing athletes","10.1177/1747954120952574","INTERNATIONAL JOURNAL OF SPORTS SCIENCE & COACHING",2021
"4516","Li, Bo; Scott, Olan K. M.; Dittmore, Stephen W.","Twitter and Olympics: Exploring factors which impact fans following American Olympic Governing Bodies","10.1108/IJSMS-04-2017-0030","INTERNATIONAL JOURNAL OF SPORTS MARKETING & SPONSORSHIP",2018
"3761","Aasa, Ulrika; Bengtsson, Victor; Berglund, Lars; Ohberg, Fredrik","Variability of lumbar spinal alignment among power- and weightlifters during the deadlift and barbell back squat","10.1080/14763141.2019.1675751","SPORTS BIOMECHANICS",2022
"7075","Hancock, David J.; Bennett, Samantha; Roaten, Hannah; Chapman, Kyle; Stanley, Caleb","An Analysis of Literature on Sport Officiating Research","10.1080/02701367.2020.1756198","RESEARCH QUARTERLY FOR EXERCISE AND SPORT",2021
"2491","Glynn, Brian; Laird, Jason; Herrington, Lee; Rushton, Alison; Heneghan, Nicola R.","Analysis of landing performance and ankle injury in elite British artistic gymnastics using a modified drop land task: A longitudinal observational study","10.1016/j.ptsp.2022.01.006","PHYSICAL THERAPY IN SPORT",2022
"2207","Tooth, Camille; Forthomme, Benedicte; Croisier, Jean-Louis; Gofflot, Amandine; Bornheim, Stephen; Schwartz, Cedric","The Modified-Athletic Shoulder Test: Reliability and validity of a new on-field assessment tool","10.1016/j.ptsp.2022.08.003","PHYSICAL THERAPY IN SPORT",2022
"8189","Langarika-Rocafort, Argia; Ignacio Emparanza, Jose; Aramendi, Jose F.; Castellano, Julen; Calleja-Gonzalez, Julio","Intra-rater reliability and agreement of various methods of measurement to assess dorsiflexion in the Weight Bearing Dorsiflexion Lunge Test (WBLT) among female athletes","10.1016/j.ptsp.2016.06.010","PHYSICAL THERAPY IN SPORT",2017
"7403","Backer, Henrik Constantin; Busko, Morgan; Krause, Fabian Gotz; Exadaktylos, Aristomenis Konstantinos; Klukowska-Roetzler, Jolanta; Deml, Moritz Caspar","Exertional rhabdomyolysis and causes of elevation of creatine kinase","10.1080/00913847.2019.1669410","PHYSICIAN AND SPORTSMEDICINE",2020
"924","Laigo, Anthony; Kikumoto, Takanori; Takabayashi, Tomoya; Watanabe, Takahiro; Kikuchi, Yudai; Kubo, Masayoshi","Effects of differing platform orientations on forefoot and hindfoot kinematics in chronic ankle instability during single leg landing","10.1016/j.ptsp.2025.03.012","PHYSICAL THERAPY IN SPORT",2025
"2082","Dalton, Benjamin; McDougle, Jacob; Alesi, Michaela; Pereira, Daniel; Feito, Yuri","Blood Flow Restriction Training for Individuals With Osteoarthritis","10.1519/SSC.0000000000000719","STRENGTH AND CONDITIONING JOURNAL",2022
"2550","Kowalsky, Robert J.; Farney, Tyler M.; Hearon, Christopher M.","Resistance Exercise Breaks Improve Ratings of Discomfort and Sleepiness in College Students","10.1080/02701367.2021.1959508","RESEARCH QUARTERLY FOR EXERCISE AND SPORT",2023
"4350","Casamichana, David; Morencos, Esther; Romero-Moraleda, Blanca; Gabbett, Tim J.","The Use of Generic and Individual Speed Thresholds for Assessing the Competitive Demands of Field Hockey",NA,"JOURNAL OF SPORTS SCIENCE AND MEDICINE",2018
"5252","Peng, Wuwen; Qu, Wenhao; Lu, Di; Sun, Jian; Li, Duanying","The Effects of Individualized Low- and Moderate-Load Circuit Training on Physical Performance, Hormonal Responses, And Hematological Adaptations in Resistance-Trained Men","10.52082/jssm.2026.195","JOURNAL OF SPORTS SCIENCE AND MEDICINE",2026
"7392","Huffman, Christopher","Exercise Interventions for the Management of Huntington's Disease","10.1519/SSC.0000000000000479","STRENGTH AND CONDITIONING JOURNAL",2019
"4425","Marchetti, Paulo H.; Guiselini, Mauro A.; da Silva, Josinaldo J.; Tucker, Raymond; Behm, David G.; Brown, Lee E.","Balance and Lower Limb Muscle Activation Between in-Line and Traditional Lunge Exercises","10.1515/hukin-2017-0174","JOURNAL OF HUMAN KINETICS",2018
"24","Fitas, Afonso; Valdes-Alvarez, Agustin; Miras-Moreno, Sergio; Gomes, Miguel; Cardoso, Caetano; Pezarat Correia, Pedro; Mendonca, Goncalo, V","Impact of velocity intention and autoregulation on lower-body hypertrophy training: Adaptations in the load-velocity relationship and ballistic performance","10.1177/17479541261474870","INTERNATIONAL JOURNAL OF SPORTS SCIENCE & COACHING",2026
"4557","Grigg, Josephine; Haakonssen, Eric; Rathbone, Evelyne; Orr, Robin; Keogh, Justin W. L.","The validity and intra-tester reliability of markerless motion capture to analyse kinematics of the BMX Supercross gate start","10.1080/14763141.2017.1353129","SPORTS BIOMECHANICS",2018
"29","Cassidy, Jordan; Russell, Scott; Maloney, Michael; Kelly, Vincent; Gorman, Adam D.","Skill acquisition specialists in coach learning systems: Coach developer perspectives on roles and tensions","10.1177/17479541261475277","INTERNATIONAL JOURNAL OF SPORTS SCIENCE & COACHING",2026
"1499","Tsoukos, Athanasios; Wilk, Michal; Krzysztofik, Michal; Zajac, Adam; Bogdanis, Gregory C.","The Impact of Range of Motion on Applied Force Characteristics and Electromyographic Activity during Repeated Sets of Bench Press Exercise","10.5114/jhk/186341","JOURNAL OF HUMAN KINETICS",2024
"718","Davies, Gemma L.; Webb, Lauren E. N.; Dinnie, Alf","Formula for success: Using an accreditation to excel data literacy in early-career sport performance analysts","10.1177/17479541251368751","INTERNATIONAL JOURNAL OF SPORTS SCIENCE & COACHING",2026
"3045","Kaur, Mandeep; Ribeiro, Daniel Cury; Lamb, Peter; Webster, Kate E.; Sole, Gisela","Low knee-related quality of life and persistent physical asymmetries in participants up to 10 years post-ACL reconstruction - A cross-sectional study","10.1016/j.ptsp.2020.12.011","PHYSICAL THERAPY IN SPORT",2021
"1467","Pancotto, Francesca; Addessi, Giorgio; Auteri, Nicola","Soccer Bubble: Is There a Speculative Bubble in the Price of International Soccer Players?","10.1177/15270025241239631","JOURNAL OF SPORTS ECONOMICS",2024
"6482","De Waelle, S.; Robertson, K.; Deconinck, F. J. A.; Lenoir, M.","The Use of Contextual Information for Anticipation of Badminton Shots in Different Expertise Levels","10.1080/02701367.2021.1934378","RESEARCH QUARTERLY FOR EXERCISE AND SPORT",2023
"1727","Filip-Stachnik, Aleksandra; Krzysztofik, Michal; Del Coso, Juan; Palka, Tomasz; Sadowska-Krepa, Ewa","The Effect of Acute Caffeine Intake on Resistance Training Volume, Prooxidant-Antioxidant Balance and Muscle Damage Markers Following a Session of Full-Body Resistance Exercise in Resistance-Trained Men Habituated to Caffeine","10.52082/jssm.2023.436","JOURNAL OF SPORTS SCIENCE AND MEDICINE",2023
"722","Denul, Ayala; Haerens, Leen; Loeys, Tom","How does need satisfaction mediate the relation between harmonious passion and positive affect in coaches and athletes? A dyadic longitudinal study in coach-athlete dyads","10.1177/17479541251366906","INTERNATIONAL JOURNAL OF SPORTS SCIENCE & COACHING",2026
"8068","Hildebrandt, Carolin; Mueller, Lisa; Heisse, Christian; Raschner, Christian","Trunk Strength Characteristics of Elite Alpine Skiers - A Comparison with Physically Active Controls","10.1515/hukin-2017-0046","JOURNAL OF HUMAN KINETICS",2017
"2049","Morais, Jorge E.; Barbosa, Tiago M.; Garrido, Nuno D.; Cirilo-Sousa, Maria S.; Silva, Antonio J.; Marinho, Daniel A.","Agreement between Different Methods to Measure the Active Drag Coefficient in Front-Crawl Swimming","10.5114/jhk/159605","JOURNAL OF HUMAN KINETICS",2023
"4906","Miyamoto, Toshiaki; Fukuda, Kazuhito; Oshima, Yoshitake; Moritani, Toshio","Non-locomotive physical activity intervention using a tri-axial accelerometer reduces sedentary time in type 2 diabetes","10.1080/00913847.2017.1350084","PHYSICIAN AND SPORTSMEDICINE",2017
"5603","Zahradnik, David; Hamill, Joseph; Plesek, Jan; Blaschova, Denisa; Burda, Michal; Nieminen, Miika; Casula, Victor; Farana, Roman; Uchytil, Jaroslav; Slovak, Lukas; Skypala, Jiri; Jandacka, Daniel","Association between T2 relaxation time and biomechanical loading of the anterior cruciate ligament in healthy individuals","10.1080/14763141.2025.2458475","SPORTS BIOMECHANICS",2026
"6372","Vasquez-Bonilla, Aldo A.; Brazo-Sayavera, Javier; Timon, Rafael; Olcina, Guillermo","Monitoring Muscle Oxygen Asymmetry as a Strategy to Prevent Injuries in Footballers","10.1080/02701367.2022.2026865","RESEARCH QUARTERLY FOR EXERCISE AND SPORT",2023
"1418","Feros, Simon Andrew; Gerhardy, Michael H.; Fyfe, Jackson J.; Dwyer, Dan B.","The kinematics of pace bowling associated with lumbar bone stress injuries: Disparities observed in elite male and female cricketers","10.1177/17479541241249814","INTERNATIONAL JOURNAL OF SPORTS SCIENCE & COACHING",2024
"4494","Ortiz, Jaelson G.; da Silva, Juliano F.; Carminatti, Lorival J.; Guglielmo, Luiz G. A.; Diefenthaeler, Fernando","Effect of 8 Weeks Soccer Training on Health and Physical Performance in Untrained Women",NA,"JOURNAL OF SPORTS SCIENCE AND MEDICINE",2018
"5591","Wickramasinghe, Indika; Walpitage, Dammika","Weathering the game: A comprehensive study of weather impact on ODI cricket","10.1177/17479541251319477","INTERNATIONAL JOURNAL OF SPORTS SCIENCE & COACHING",2025
"6076","Gjestvang, Christina; Tangen, Elene Mauseth; Arntzen, Miriam Basma; Haakstad, Lene A. H.","How Do Fitness Club Members Differentiate in Background Characteristics, Exercise Motivation, and Social Support? A Cross-Sectional Study","10.52082/jssm.2023.235","JOURNAL OF SPORTS SCIENCE AND MEDICINE",2023
"5099","Baghurst, Timothy; Quick, Simon","Analysis of coach and athletic director turnover in the Florida school system","10.1177/17479541261457430","INTERNATIONAL JOURNAL OF SPORTS SCIENCE & COACHING",2026
"6431","Hatano, Genki; Matsuo, Shingo; Asai, Yuji; Suzuki, Shigeyuki; Iwata, Masahiro","Effects of High-Intensity Stretch with Moderate Pain and Maximal Intensity Stretch without Pain on Flexibility","10.52082/jssm.2022.171","JOURNAL OF SPORTS SCIENCE AND MEDICINE",2022
"7386","Brown, Justin; Del Pozzi, Andrew T.; Hicks-Little, Charlie","Anxiety Disorders and Exercise: The Role for Health and Fitness Professionals","10.1519/SSC.0000000000000465","STRENGTH AND CONDITIONING JOURNAL",2019
"5065","Gokeler, Alli; Forelli, Florian; Moiroux-Sahraoui, Ayrton; Benjaminse, Anne; Giesche, Florian; McKeon, Patrick","Rewiring recovery: Integrating sensory-motor-cognitive strategies to optimize ACL rehabilitation","10.1016/j.ptsp.2026.101918","PHYSICAL THERAPY IN SPORT",2026
"4057","Takagi, Tokio; Murata, Munenori; Yokozawa, Toshiharu; Shiraki, Hitoshi","Dynamics of pelvis rotation about its longitudinal axis during the golf swing","10.1080/14763141.2019.1585472","SPORTS BIOMECHANICS",2019
"6745","Kim, Han Soo; Kang, Minsoo; Kim, Minjung","Rasch calibration and optimal categorization of the sport fandom questionnaire","10.1108/IJSMS-11-2020-0208","INTERNATIONAL JOURNAL OF SPORTS MARKETING & SPONSORSHIP",2022
"130","Rostron, Zachary P. J.; Feller, Julian A.; McClelland, Jodie A.; Whitehead, Timothy S.; Webster, Kate E.","Change in modified star excursion balance test performance between 6 and 12 months after anterior cruciate ligament reconstruction","10.1016/j.ptsp.2026.101941","PHYSICAL THERAPY IN SPORT",2026
"371","Wallimann, Hannes; Mehr, Anna","The Impact of the UEFA Women's EURO on Hotel Overnight Stays: Evidence From a Causal Analysis","10.1177/15270025261434474","JOURNAL OF SPORTS ECONOMICS",2026
"4016","Clemente, Filipe Manuel; Mendes, Bruno; Teles Bredt, Sarah da Gloria; Praca, Gibson Moreira; Silverio, Andre; Carrico, Sandro; Duarte, Emanuel","Perceived Training Load, Muscle Soreness, Stress, Fatigue, and Sleep Quality in Professional Basketball: A Full Season Study","10.2478/hukin-2019-0002","JOURNAL OF HUMAN KINETICS",2019
"6764","Jang, Wonseok (Eric); Kim, Young Jun; Chang, Kyungro; Kim, Taehee","The effects of high-tech cameras on sports consumers' viewing experiences: the moderating role of sports involvement","10.1108/IJSMS-09-2020-0162","INTERNATIONAL JOURNAL OF SPORTS MARKETING & SPONSORSHIP",2022
"5663","Goodrum, Morven; Viljoen, Carel; Kaulback, Kelly","Incidence, severity, and risk factors for injuries in female trail runners - A retrospective cross-sectional study","10.1016/j.ptsp.2024.11.004","PHYSICAL THERAPY IN SPORT",2025
"2750","Boussana, Alain; Galy, Olivier; Le Gallais, Daniel; Hue, Olivier","The Effect of an Olympic Distance Triathlon on Pulmonary Diffusing Capacity and its Recovery 24 Hours Later","10.2478/hukin-2021-0108","JOURNAL OF HUMAN KINETICS",2021
"5654","Kowalski, Tomasz; Granda, Dominika; Klusiewicz, Andrzej","Practical Application of Respiratory Muscle Training in Endurance Sports","10.1519/SSC.0000000000000842","STRENGTH AND CONDITIONING JOURNAL",2024
"4535","Nikolaidis, Pantelis Theodoros; Knechtle, Beat","Pacing strategies by age in marathon cross-country skiing","10.1080/00913847.2018.1430450","PHYSICIAN AND SPORTSMEDICINE",2018
"8085","Cheung, Roy T. H.; Wong, Rodney Y. L.; Chung, Tim K. W.; Choi, R. T.; Leung, Wendy W. Y.; Shek, Diana H. Y.","Relationship between foot strike pattern, running speed, and footwear condition in recreational distance runners","10.1080/14763141.2016.1226381","SPORTS BIOMECHANICS",2017
"2246","Yi, Wenjuan; Wang, Dexin; Chen, Chao; Wu, Rui","Acute effects of ballistic and non-ballistic conditioning activities on the punching impact of amateur boxers","10.1177/17479541221119390","INTERNATIONAL JOURNAL OF SPORTS SCIENCE & COACHING",2023
"1783","Jedelhauser, Fabienne; Flepp, Raphael; Franck, Egon","Overshadowed by Popularity: The Value of Second-Tier Stars in European Football","10.1177/15270025231187880","JOURNAL OF SPORTS ECONOMICS",2023
"3658","O'Brien, Benjamin; Juhas, Brett; Bienkiewicz, Marta; Buloup, Frank; Bringoux, Lionel; Bourdin, Christophe","Sonification of Golf Putting Gesture Reduces Swing Movement Variability in Novices","10.1080/02701367.2020.1726859","RESEARCH QUARTERLY FOR EXERCISE AND SPORT",2021
"1203","Faria, Larissa Oliveira; Fortes, Leonardo de Sousa; Albuquerque, Maicon Rodrigues","The Influence of Mental Fatigue on Physical Performance and Its Relationship with Rating Perceived Effort and Enjoyment in Older Adults","10.1080/02701367.2024.2409932","RESEARCH QUARTERLY FOR EXERCISE AND SPORT",2025
"2213","Campbell, Rhiannon A.; Bradshaw, Elizabeth J.; Ball, Nick; Hunter, Adam; Spratford, Wayne","The use of inertial measurement units to quantify forearm loading and symmetry during gymnastics vault training sessions","10.1080/14763141.2022.2117642","SPORTS BIOMECHANICS",2023
"6444","Hogg, Jennifer A.; Avedesian, Jason M.; Diekfuss, Jed A.; Acocello, Shellie N.; Shimmin, Rylee D.; Kelley, Elisabeth A.; Kostrub, Deborah A.; Myer, Gregory D.; Wilkerson, Gary B.","Sex Moderates the Relationship between Perceptual-Motor Function and Single-Leg Squatting Mechanics","10.52082/jssm.2022.104","JOURNAL OF SPORTS SCIENCE AND MEDICINE",2022
"2882","Penalva, Francisco; Guzman, Jose F.; Martinez-Gallego, Rafael; Crespo, Miguel","Design and validation of a tennis tool to control on-court technical and tactical training content","10.1177/17479541211027428","INTERNATIONAL JOURNAL OF SPORTS SCIENCE & COACHING",2022
"777","Yu, Shaoyong; Wang, Haolin","Gender differences in leadership behaviors of female coaches and their leadership effectiveness","10.1177/17479541251352099","INTERNATIONAL JOURNAL OF SPORTS SCIENCE & COACHING",2025
"1397","Beaumont, Patrick L.; van den Hoek, Daniel; Holland, Justin; Garrett, Joel","A Scoping Review of the Physiological Profiles of Motorsport Drivers: Implications for Athlete Training","10.1519/SSC.0000000000000808","STRENGTH AND CONDITIONING JOURNAL",2024
"344","Barrett, Steve; King, Michael; Wichitaksorn, Nuttanan; Prosser, Owain; Liu, Qinwei; Spencer, Kirsten","Understanding the within match differences and variability during international youth male football match play in Oceania","10.1177/17479541251406508","INTERNATIONAL JOURNAL OF SPORTS SCIENCE & COACHING",2026
"1545","Rimer, Ernie; Petway, Adam; Jones, Paul; Schultz, Ross; Hayes, Brett; Suchomel, Timothy J.; Daily, Jennifer; Nichols, Katie; Leblanc, Blake; Antle, Becky; Ivey, Pat","Building Comprehensive Integration of Health and Performance Support Through Sport Science","10.1519/SSC.0000000000000794","STRENGTH AND CONDITIONING JOURNAL",2024
"2157","Miltko, Adriana; Milner, Clare E.; Powell, Douglas W.; Paquette, Max R.","The influence of surface and speed on biomechanical external loads obtained from wearable devices in rearfoot strike runners","10.1080/14763141.2022.2129089","SPORTS BIOMECHANICS",2022
"2291","Wang, Shin-Yuan; Lan, Pei-Tzu; Hsu, Tai-Ger","Learning effects of triple continuous jumping snatch intervention on the second pull of the snatch for novice lifters","10.1177/17479541221113024","INTERNATIONAL JOURNAL OF SPORTS SCIENCE & COACHING",2023
"8142","Gouttebarge, Vincent; Kerkhoffs, Gino M. M. J.","A prospective cohort study on symptoms of common mental disorders among current and retired professional ice hockey players","10.1080/00913847.2017.1338497","PHYSICIAN AND SPORTSMEDICINE",2017
"2974","Kolias, Pavlos; Stavropoulos, Nikolaos; Papadopoulou, Alexandra; Kostakidis, Theodoros","Evaluating basketball player's rotation line-ups performance via statistical markov chain modelling","10.1177/17479541211009083","INTERNATIONAL JOURNAL OF SPORTS SCIENCE & COACHING",2022
"6657","McCosker, Chris; Otte, Fabian; Rothwell, Martyn; Davids, Keith","Principles for technology use in athlete support across the skill level continuum","10.1177/17479541211033471","INTERNATIONAL JOURNAL OF SPORTS SCIENCE & COACHING",2022
"4562","Haegele, Justin A.; Yessick, Amanda; Zhu, Xihe","Females With Visual Impairments in Physical Education: Exploring the Intersection Between Disability and Gender Identities","10.1080/02701367.2018.1484067","RESEARCH QUARTERLY FOR EXERCISE AND SPORT",2018
"36","Jiang, Dongting; Tang, Yue; Zhang, Ningyi; Zhou, Jianhao; Zhong, Yuming; Weldon, Anthony; Li, Yongming","Beyond one-size-fits-all: Professional development needs of Chinese elite coaches across strength-power, endurance, and team sports","10.1177/17479541261471822","INTERNATIONAL JOURNAL OF SPORTS SCIENCE & COACHING",2026
"7001","Uzelac-Sciran, Tomislav; Sarabon, Nejc; Mikulic, Pavle","Effects of 8-Week Jump Training Program on Sprint and Jump Performance and Leg Strength in Pre- and Post-Peak Height Velocity Aged Boys",NA,"JOURNAL OF SPORTS SCIENCE AND MEDICINE",2020
"2191","Kawama, Raki; Okudaira, Masamichi; Shibata, Seigo; Shimasaki, Tatsuya; Maemura, Hirohiko; Tanigawa, Satoru","Elite Rugby Players Have Unique Morphological Characteristics of the Hamstrings and Quadriceps Femoris Muscles According to their Playing Positions","10.2478/hukin-2022-0039","JOURNAL OF HUMAN KINETICS",2022
"1991","Farnell, Alex","False Start? An Analysis of NFL Penalties With and Without Crowds","10.1177/15270025221148997","JOURNAL OF SPORTS ECONOMICS",2023
"1686","Souissi, Mohamed Abdelkader; Trabelsi, Omar; Tounsi, Olfa; Hawani, Aymen; Fekih, Sofien; Souissi, Hichem; Gharbi, Adnen; Amor, Ahlem; Scharenberg, Swantje; Souissi, Nizar","Optimizing video feedback for snatch technical error correction in young weightlifters: Comparing the effectiveness of different video playback speeds","10.1177/17479541231208917","INTERNATIONAL JOURNAL OF SPORTS SCIENCE & COACHING",2024
"8088","Murray, Andrew M.; Turner, Anthony P.; Sproule, John; Cardinale, Marco","Practices & attitudes towards recovery in elite Asian & UK adolescent athletes","10.1016/j.ptsp.2016.12.005","PHYSICAL THERAPY IN SPORT",2017
"8112","Inglis, Paul; Bird, Stephen P.","Movement Demands and Running Intensities of Semi-Professional Rugby League Players during A 9's Tournament: A Case Study",NA,"JOURNAL OF SPORTS SCIENCE AND MEDICINE",2017
"2232","Paulsen, Kathleen M.; McDermott, Brendon P.; Myers, Aaron J.; Gray, Michelle; Lo, Wen-Juo; Ganio, Matthew S.","Reliability and Validity of the 30-15 Intermittent Field Test With and Without a Soccer Ball","10.1080/02701367.2022.2098230","RESEARCH QUARTERLY FOR EXERCISE AND SPORT",2023
"1385","Agha, Nola; Berri, David J.; Bhat, Akash; Van Gilder, Jennifer","The Effect of National Origin and Skin Color on Playing Time in the WNBA","10.1177/15270025241260030","JOURNAL OF SPORTS ECONOMICS",2024
"2499","Huang, Meizhen; Mo, Shiwei; Chan, Peter Pak-Kwan; Chan, Zoe Y. S.; Zhang-Lea, Janet H.; Cheung, Roy T. H.","The influence of running shoes on familiarization time for treadmill running biomechanics evaluation","10.1080/14763141.2022.2046144","SPORTS BIOMECHANICS",2023
"6068","Quintana-Cepedal, Marcos; Rodriguez, Miguel Angel; Nuno-Iglesias, Nerea; Del Valle, Miguel; Crespo, Irene; Olmedillas, Hugo","Injury characteristics of young elite inline speed skaters: A one season retrospective study","10.1080/00913847.2023.2205454","PHYSICIAN AND SPORTSMEDICINE",2024
"1002","de Souza, Joao Victor Moretti; Zamboni, Kaio Julio; Santos, Thiago de Oliveira; Mezzadri, Fernando Marinho","(Dis)connection between sports development and high-performance in Brazilian sports policies","10.1177/17479541251320534","INTERNATIONAL JOURNAL OF SPORTS SCIENCE & COACHING",2025
"6514","Haischer, Michael H.; Howenstein, Jacob; Sabick, Michelle; Kipp, Kristof","Torso kinematic patterns associated with throwing shoulder joint loading and ball velocity in Little League pitchers","10.1080/14763141.2021.2015427","SPORTS BIOMECHANICS",2024
"4728","Callegari, Gustavo A.; Novaes, Jefferson S.; Neto, Gabriel R.; Dias, Ingrid; Garrido, Nuno D.; Dani, Caroline","Creatine Kinase and Lactate Dehydrogenase Responses After Different Resistance and Aerobic Exercise Protocols","10.1515/hukin-2017-0071","JOURNAL OF HUMAN KINETICS",2017
"2874","Franke, Rodrigo de Azevedo; Rodrigues, Rodrigo; Geremia, Jeam Marcel; Teixeira, Bruno Costa; Boeno, Francesco; Rabello, Rodrigo; Baroni, Bruno Manfredini; Lima, Claudia Silveira","Moderate intensity cycling is better than running on recovery of eccentric exercise-induced muscle damage","10.1016/j.ptsp.2021.04.004","PHYSICAL THERAPY IN SPORT",2021
"2367","Casals, Marti; Daunis-i-Estadella, Pepus","Violinboxplot and enhanced radar plot as components of effective graphical dashboards: An educational example of sports analytics","10.1177/17479541221099638","INTERNATIONAL JOURNAL OF SPORTS SCIENCE & COACHING",2023
"2794","Parvaresh, Kevin C.; Wichman, Daniel M.; Alter, Thomas D.; Clapp, Ian M.; Nho, Shane J.","High rate of return to tennis after hip arthroscopy for patients with femoroacetabular impingement syndrome","10.1016/j.ptsp.2021.06.007","PHYSICAL THERAPY IN SPORT",2021
"4969","Klostermann, Andre; Kung, Philip","Gaze Strategies in Skateboard Trick Jumps: Spatiotemporal Constraints in Complex Locomotion","10.1080/02701367.2016.1229864","RESEARCH QUARTERLY FOR EXERCISE AND SPORT",2017
"7701","Tokutake, Gaku; Kuramochi, Rieko; Murata, Yuki; Enoki, Shota; Koto, Yuki; Shimizu, Takuya","The Risk Factors of Hamstring Strain Injury Induced by High-Speed Running",NA,"JOURNAL OF SPORTS SCIENCE AND MEDICINE",2018
"1115","Los Arcos, Asier; Gonzalez-Artetxe, Asier; Lombardero, Sara; Esnal-Arrizabalaga, Oihan; Aginaga, Jokin","Exploring the Impact of Social Relationship Modification on Young Female Soccer Players' Performance in Small-Sided Games","10.5114/jhk/189425","JOURNAL OF HUMAN KINETICS",2025
"5235","Leung, Willie; Tiralla, Gillian; Shi, Lu; Lee, Jinhyun","Associations Between Demographic Factors and Muscle-Strengthening Activity Participation Among Individuals With Disabilities","10.1080/02701367.2026.2612967","RESEARCH QUARTERLY FOR EXERCISE AND SPORT",2026
"2923","Hoelbling, Dominik; Grafinger, Manfred; Smiech, Martin Mattaeus; Cizmic, Dea; Dabnichki, Peter; Baca, Arnold","Acute response on general and sport specific hip joint flexibility to training with novel sport device","10.1080/14763141.2021.1922742","SPORTS BIOMECHANICS",2024
"4589","Taylor, Jeffrey B.; Anh-Dung Nguyen; Griffin, Janet R.; Ford, Kevin R.","Effects of turf and cleat footwear on plantar load distributions in adolescent American football players during resisted pushing","10.1080/14763141.2016.1271448","SPORTS BIOMECHANICS",2018
"8006","Hortiguela Alcala, David; Hernando Garijo, Alejandra","Teaching Games for Understanding: A Comprehensive Approach to Promote Student's Motivation in Physical Education","10.1515/hukin-2017-0144","JOURNAL OF HUMAN KINETICS",2017
"4397","Lack, Simon; Neal, Bradley; Silva, Danilo De Oliveira; Barton, Christian","How to manage patellofemoral pain - Understanding the multifactorial nature and treatment options","10.1016/j.ptsp.2018.04.010","PHYSICAL THERAPY IN SPORT",2018
"7220","Miyashita, Theresa L.; Diakogeorgiou, Eleni; Marrie, Kaitlyn","The role of subconcussive impacts on sway velocities in Division I men's lacrosse players","10.1080/14763141.2018.1458892","SPORTS BIOMECHANICS",2020
"3009","Oranchuk, Dustin J.; Diewald, Shelley N.; McGrath, Joey W.; Nelson, Andre R.; Storey, Adam G.; Cronin, John B.","Kinetic and kinematic profile of eccentric quasi-isometric loading","10.1080/14763141.2021.1890198","SPORTS BIOMECHANICS",2024
"7174","Bercovitz, Tomer; Herman, Amir; Solomonow-Avnon, Deborah; Wolf, Alon; Kodesh, Einat","Plantar pressure modifications in experienced runners following an exhaustive run","10.1080/14763141.2020.1743744","SPORTS BIOMECHANICS",2022
"3735","Langford, Emily L.; Wilhoite, Sydni; Collum, Connor; Weekley, Hunter; Cook, Jordan; Adams, Kara; Snarr, Ronald L.","Battle Rope Conditioning","10.1519/SSC.0000000000000476","STRENGTH AND CONDITIONING JOURNAL",2019
"4467","Kenneally-Dabrowski, Claire J. B.; Serpell, Benjamin G.; Spratford, Wayne","Are accelerometers a valid tool for measuring overground sprinting symmetry?","10.1177/1747954117716790","INTERNATIONAL JOURNAL OF SPORTS SCIENCE & COACHING",2018
"40","Cardozo, Erico Aurelio Abreu","Between passion and algorithm: sports betting, algorithmic personalization and the Brazilian fan in the era of next-generation sports fandom","10.1108/IJSMS-03-2026-0193","INTERNATIONAL JOURNAL OF SPORTS MARKETING & SPONSORSHIP",2026
"5623","Fuller, Gordon Ward; Brown, James; Dunlop, Michael; Raftery, Martin; Falvey, eanna Cian","The diagnostic accuracy of EyeGuide Focus testing for concussion in elite male Rugby players","10.1080/00913847.2025.2451606","PHYSICIAN AND SPORTSMEDICINE",2025
"1487","Conway Kleven, Brooke; Chien, Lung-Chang; Young, Daniel L.; Cross, Chad L.; Labus, Brian; Bernick, Charles","Repetitive head impacts among professional fighters: a pilot study evaluating Traumatic Encephalopathy Syndrome and postural balance","10.1080/00913847.2024.2325331","PHYSICIAN AND SPORTSMEDICINE",2024
"3051","Popchak, Adam; Poploski, Kathleen; Patterson-Lynch, Brittany; Nigolian, Jacob; Lin, Albert","Reliability and validity of a return to sports testing battery for the shoulder","10.1016/j.ptsp.2020.12.003","PHYSICAL THERAPY IN SPORT",2021
"1075","Klein, Matthew; Patterson, Chris; Karim, Annette; Cuddeford, Tyler","Hopping kinetic differences in masters runners with and without Achilles tendinopathy","10.1080/14763141.2025.2451689","SPORTS BIOMECHANICS",2025
"7358","Smaruj, Miroslaw; Orkwiszewska, Anna; Adam, Marek; Jezyk, Damian; Kostrzewa, Maciej; Laskowski, Radoslaw","Changes in Anthropometric Traits and Body Composition Over a Four-Year Period in Elite Female Judoka Athletes","10.2478/hukin-2019-0115","JOURNAL OF HUMAN KINETICS",2019
"5011","Boge, Veysel; Peker, Alper Tunga; Kilci, Abdullah; Arruda, Danilo; Goncalves, Bruno; Lago-Penas, Carlos","The association of team surface area and tactical formation on match running performance in elite soccer","10.1177/17479541261475500","INTERNATIONAL JOURNAL OF SPORTS SCIENCE & COACHING",2026
"5676","Chun, Alex G.; Snyder, Eli M.; Obana, Kyle K.; Ashinsky, Beth G.; Parisien, Robert L.; Bottiglieri, Thomas S.; Ahmad, Christopher S.; Trofa, David P.","The 10-year decreasing trend of youth soccer head injuries and concussions presenting to US emergency departments","10.1080/00913847.2024.2421154","PHYSICIAN AND SPORTSMEDICINE",2025
"4556","Plautard, Mathieu; Guilhem, Gael; Fohanno, Vincent; Nordez, Antoine; Cornu, Christophe; Guevel, Arnaud","Comparison of two methodological approaches for the mechanical analysis of single-joint isoinertial movement using a customised isokinetic dynamometer","10.1080/14763141.2016.1269187","SPORTS BIOMECHANICS",2018
"4202","Kim, Taejung; Chiu, Weisheng","Consumer acceptance of sports wearable technology: the role of technology readiness","10.1108/IJSMS-06-2017-0050","INTERNATIONAL JOURNAL OF SPORTS MARKETING & SPONSORSHIP",2019
"2360","Fu, Allan C. L.; Sanders, Ross H.","The Effectiveness of Coaching the Australian Recommended Fundamental Overarm Throwing Skill Criteria for Less-Skilled Adolescents","10.1080/02701367.2022.2070120","RESEARCH QUARTERLY FOR EXERCISE AND SPORT",2023
"5096","Rodriguez-Campos, Manrique; Crespo, Miguel; Guzman, Jose Francisco; Martinez-Gallego, Rafael","The tactical evolution of the serve: A sequence analysis in elite junior tennis players","10.1177/17479541261455249","INTERNATIONAL JOURNAL OF SPORTS SCIENCE & COACHING",2026
"3731","Sim, Min Kyu; Choi, Dong Gu","The Winning Probability of a Game and the Importance of Points in Tennis Matches","10.1080/02701367.2019.1666203","RESEARCH QUARTERLY FOR EXERCISE AND SPORT",2020
"6425","Hogberg, Johan; Bergentoft, Emma; Piussi, Ramana; Wernbom, Mathias; Beischer, Susanne; Simonson, Rebecca; Senorski, Carl; Thomee, Roland; Senorski, Eric Hamrin","Persistent knee flexor strength deficits identified through the NordBord eccentric test not seen with ""gold standard"" isokinetic concentric testing during the first year after anterior cruciate ligament reconstruction with a hamstring tendon autograft","10.1016/j.ptsp.2022.03.004","PHYSICAL THERAPY IN SPORT",2022
"7596","Roetert, E. Paul; Ortega, Catherine","Physical Literacy for the Older Adult","10.1519/SSC.0000000000000430","STRENGTH AND CONDITIONING JOURNAL",2019
"7606","Julio, Ursula F.; Panissa, Valeria L. G.; Cury, Rubiana L.; Agostinho, Marcus F.; Esteves, Joao V. D. C.; Franchini, Emerson","Energy System Contributions in Upper and Lower Body Wingate Tests in Highly Trained Athletes","10.1080/02701367.2019.1576839","RESEARCH QUARTERLY FOR EXERCISE AND SPORT",2019
"6889","Paek, Bomin; Morse, Alan; Kim, Minjung; Jung, Hoyoon","Sport consumer flow and shopping well-being in online shopping","10.1108/IJSMS-06-2020-0116","INTERNATIONAL JOURNAL OF SPORTS MARKETING & SPONSORSHIP",2021
"7047","Krzysztofik, Michal; Wilk, Michal","The Effects of Plyometric Conditioning on Post-Activation Bench Press Performance","10.2478/hukin-2020-0017","JOURNAL OF HUMAN KINETICS",2020
"3397","Komissarov, Serguei S.","Dynamics of carving runs in alpine skiing. II.Centrifugal pendulum with a retractable leg","10.1080/14763141.2020.1788630","SPORTS BIOMECHANICS",2022
"1953","McQuilliam, Stephen J.; Clark, David R.; Erskine, Robert M.; Brownlee, Thomas E.","Physical testing and strength and conditioning practices differ between coaches working in academy and first team soccer","10.1177/17479541231155108","INTERNATIONAL JOURNAL OF SPORTS SCIENCE & COACHING",2023
"1521","Keating, Christopher James; Hester, Rials J.; Thorsen, Tanner A.","High cadence cycling not high work rate, increases gait velocity post-exercise","10.1080/14763141.2024.2315245","SPORTS BIOMECHANICS",2025
"6204","Dupre, Thomas; Potthast, Wolfgang","Are sprint accelerations related to groin injuries? A biomechanical analysis of adolescent soccer players","10.1080/14763141.2022.2133740","SPORTS BIOMECHANICS",2022
"6302","Burke, Aoife; Dillon, Sarah; O'Connor, Siobhan; Whyte, Enda F.; Gore, Shane; Moran, Kieran A.","Relative and absolute reliability of shank and sacral running impact accelerations over a short- and long-term time frame","10.1080/14763141.2022.2086169","SPORTS BIOMECHANICS",2022
"5363","Lindskog, Jakob; Liaghat, Behnam; Senorski, Rebecca Hamrin; Samuelsson, Kristian; Thomee, Roland; Senorski, Eric Hamrin","Strength recovery trajectories in young adults with and without generalized joint hypermobility during the first two years after anterior cruciate ligament reconstruction: a registry study","10.1016/j.ptsp.2025.11.007","PHYSICAL THERAPY IN SPORT",2026
"7042","Grgic, Jozo; Venier, Sandro; Schoenfeld, Brad J.; Mikulic, Pavle","Caffeine Ingestion Enhances Repetition Velocity in Resistance Exercise: A Randomized, Crossover, Double-Blind Study Involving Control and Placebo Conditions","10.2478/hukin-2020-0023","JOURNAL OF HUMAN KINETICS",2020
"6808","Kerivel, Thibault; Bossard, Cyril; Kermarrec, Gilles","Applying the Input-Process-Outcome Model to Team Learning in Sport Sciences: An Exploratory Qualitative Study on Twenty Soccer Players","10.2478/hukin-2021-0040","JOURNAL OF HUMAN KINETICS",2021
"2296","Alcantara, Chellsea Hortencio; Machado, Joao Claudio; Teixeira, Rodrigo Mendonca; Rossato, Mateus; Teixeira, Anderson Santiago; da Silva, Juliano Fernandes","What Factors Discriminate Young Soccer Players Perceived as Promising and Less Promising by Their Coaches?","10.1080/02701367.2022.2088675","RESEARCH QUARTERLY FOR EXERCISE AND SPORT",2023
"857","Manci, Egemen; Ozdalyan, Firat; Gebel, Arnd; Guducu, Cagdas; Gunay, Erkan; Jenny, Seth E.; Mueller, Notger G.; Herold, Fabian","Listen to the coaches: Practitioners' perspective on the relevance of selected cognitive skills and assessments for esports performance","10.1177/17479541251342721","INTERNATIONAL JOURNAL OF SPORTS SCIENCE & COACHING",2025
"5024","Wu, Shuyuan; Zhang, Guojie; Shi, Yan; Zhan, Genghao; Zhang, Huaxing; Wang, Xiangyu; Wu, Hao","Anti-movement core training modulates abdominal antagonist co-activation and enhances trunk rotational kinematics in amateur golfers","10.1080/14763141.2026.2712637","SPORTS BIOMECHANICS",2026
"6989","Kang, Tae-Ahn; Matsuoka, Hirotaka","The effect of sponsorship purpose articulation on fit: moderating role of mission overlap","10.1108/IJSMS-07-2020-0120","INTERNATIONAL JOURNAL OF SPORTS MARKETING & SPONSORSHIP",2021
"1803","Perri, Thomas; Duffield, Rob; Murphy, Alistair; Mabon, Tom; McGillivray, Isabel; Reid, Machar","Macro periodisation of competition in international women's tennis: Insights for long-term athlete development","10.1177/17479541231171695","INTERNATIONAL JOURNAL OF SPORTS SCIENCE & COACHING",2024
"6315","Li, Xiayuan; Xia, Zhengliang; Liu, Feiliang; Guo, Jinzhong; Wu, Xie; Liu, Yu","Factor analysis of the biomechanical parameters of pole vault run-up and takeoff: exploring sports performance","10.1080/14763141.2022.2080104","SPORTS BIOMECHANICS",2024
"4326","Bradbury, John Charles; Pitts, Joshua D.","Full Cost-of-Attendance Scholarships and College Choice: Evidence From NCAA Football","10.1177/1527002517696958","JOURNAL OF SPORTS ECONOMICS",2018
"2149","Boroojerdi, M. Hashem; Rahimi, A.; Roostayi, M. M.; Moghaddam, S. Talebian; Yousefi, M.; Norouzi, M.; Baghban, A. Akbarzadeh","The occurrence of flexion-relaxation phenomenon in elite cyclists during trunk forward bending","10.1080/14763141.2022.2126326","SPORTS BIOMECHANICS",2022
"4","Tugran, Melike; Sekir, Ufuk; Hasanoglu, Muge; Gur, Hakan; Akova, Bedrettin","The Acute Effects of Blood Flow Restriction on Ankle Muscle Reaction Time and Proprioception in Healthy Individuals","10.52082/jssm.2026.691","JOURNAL OF SPORTS SCIENCE AND MEDICINE",2026
"7567","Knudson, Duane","Citation metrics of excellence in sports biomechanics research","10.1080/14763141.2017.1391328","SPORTS BIOMECHANICS",2019
"6588","Clark, Kenneth P.; Ryan, Laurence J.; Meng, Christopher R.; Stearne, David J.","Evaluation of maximum thigh angular acceleration during the swing phase of steady-speed running","10.1080/14763141.2021.1986124","SPORTS BIOMECHANICS",2024
"2265","Peebles, Alexander T.; Miller, Thomas K.; Savla, Jyoti; Ollendick, Thomas; Messier, Stephen P.; Queen, Robin M.","Reduction of risk factors for ACL Re-injuries using an innovative biofeedback approach: A phase I randomized clinical trial","10.1016/j.ptsp.2022.07.007","PHYSICAL THERAPY IN SPORT",2022
"6100","Watanabe, Nicholas M.; Soebbing, Brian P.; Chahardovali, Tarlan; Huang, Yinle","The Emergence of Mixed Martial-Arts and the Future of Boxing: An Analysis of Consumer Interest and Compensation","10.1177/15270025231156058","JOURNAL OF SPORTS ECONOMICS",2025
"7645","Lupinek, Joshua M.","Tracing the ABC's of brand community","10.1108/IJSMS-09-2017-0103","INTERNATIONAL JOURNAL OF SPORTS MARKETING & SPONSORSHIP",2019
"4579","Lagestad, Pal; Mehus, Ingar","The Importance of Adolescents' Participation in Organized Sport According to VO<sub>2</sub>peak: A Longitudinal Study","10.1080/02701367.2018.1448050","RESEARCH QUARTERLY FOR EXERCISE AND SPORT",2018
"6420","Teoldo da Costa, Israel; de Freitas Silvino, Marcos Paulo","Analysis of tactical behavior in full- and small-sided games: Comparing professional and youth academy athletes to enhance player development in soccer","10.1177/17479541221074992","INTERNATIONAL JOURNAL OF SPORTS SCIENCE & COACHING",2023
"721","Jerez-Martinez, Agustin; Romero-Arenas, Salvador","Impact of Hypertrophy-Focused Resistance Training on Mitochondrial Capacity: A New Perspective Through Near-Infrared Spectroscopy","10.1080/02701367.2025.2542816","RESEARCH QUARTERLY FOR EXERCISE AND SPORT",2026
"7930","Sarac, Nikolas; Sarac, Benjamin; Pedroza, Angela; Borchers, James","Epidemiology of mental health conditions in incoming division I collegiate athletes","10.1080/00913847.2018.1427412","PHYSICIAN AND SPORTSMEDICINE",2018
"7475","Kim, Inwoo; Lee, Keunchul; Kang, Sangwook","The relationship between passion for coaching and the coaches' interpersonal behaviors: The mediating role of coaches' perception of the relationship quality with athletes","10.1177/1747954119853104","INTERNATIONAL JOURNAL OF SPORTS SCIENCE & COACHING",2019
"2231","Abad, Cesar Cavinato Cal; Carmo, Everton Crivoi; Do Prado, Danilo Marcelo Leite; Reis, Valter; Pereira, Lucas; Loturco, Irineu; Koehle, Michael","Using Physiological Laboratory Tests and Neuromuscular Functions to Predict Extreme Ultratriathlon Performance","10.1080/02701367.2022.2094307","RESEARCH QUARTERLY FOR EXERCISE AND SPORT",2023
"4256","Halbrook, Meghan; Watson, Jack C., II","High school coaches' perceptions of their efficacy to work with lesbian, gay, and bisexual athletes","10.1177/1747954118787494","INTERNATIONAL JOURNAL OF SPORTS SCIENCE & COACHING",2018
"7273","Cho, Inje; Kim, Minseong; Kaplanidou, Kiki","The role of title sponsor's philanthropy and team authenticity on fan identity and citizenship behaviors","10.1108/IJSMS-09-2018-0093","INTERNATIONAL JOURNAL OF SPORTS MARKETING & SPONSORSHIP",2020
"5961","Silva, Nuno; Travassos, Bruno; Goncalves, Bruno; Brito, Joao; Nakamura, Fabio; Abade, Eduardo","Effects of warm-up duration on acute physical performance in highly trained male futsal players","10.1177/17479541231208009","INTERNATIONAL JOURNAL OF SPORTS SCIENCE & COACHING",2024
"8073","Gomez-Molina, Josue; Ogueta-Alday, Ana; Camara, Jesus; Stickley, Christoper; Rodriguez-Marroyo, Jose A.; Garcia-Lopez, Juan","Predictive Variables of Half-Marathon Performance for Male Runners",NA,"JOURNAL OF SPORTS SCIENCE AND MEDICINE",2017
"6157","Turner, Mitchell; Beranek, Philipp; Sahrom, Sofyan; Lo, Johnny; Ferrauti, Alexander; Dunican, Ian C.; Cruickshank, Travis","The impact of sleep behaviours, chronotype and time of match on the internal and external outcomes of a tennis match","10.1177/17479541221130443","INTERNATIONAL JOURNAL OF SPORTS SCIENCE & COACHING",2023
"7290","O'Connor, Siobhan; Whyte, Enda; Fortington, Lauren","Are Irish Gaelic Athletic Association clubs prepared to use an AED following a sudden cardiac arrest? A cross-sectional survey","10.1080/00913847.2019.1704666","PHYSICIAN AND SPORTSMEDICINE",2020
"500","Prieto-Lage, Ivan; Crespo, Miguel; Martinez-Gallego, Rafael; Reguera-Lopez-de-la-Osa, Xoana; Silva-Pinto, Antonio Jose; Gutierrez-Santiago, Alfonso","Serve dynamics and tactical trends in elite U-14 girls' tennis: A case study from the Les Petits as tournament","10.1177/17479541251411829","INTERNATIONAL JOURNAL OF SPORTS SCIENCE & COACHING",2026
"3811","Clark, Nicholas C.; Reilly, Lee J.; Davies, Stephanie C.","Intra-rater reliability, measurement precision, and inter-test correlations of 1RM single-leg leg-press, knee-flexion, and knee-extension in uninjured adult agility-sport athletes: Considerations for right and left unilateral measurements in knee injury control","10.1016/j.ptsp.2019.09.003","PHYSICAL THERAPY IN SPORT",2019
"2925","Brown, Cathleen N.; Samson, Christine O.; Hsieh, Katherine L.","Hysteresis and stiffness of the lateral ankle complex in those with chronic ankle instability","10.1080/14763141.2021.1925335","SPORTS BIOMECHANICS",2022
"1333","Rivadulla, Adrian R.; Chen, Xi; Cazzola, Dario; Trewartha, Grant; Preatoni, Ezio","Clustering analysis across different speeds reveals two distinct running techniques with no differences in running economy","10.1080/14763141.2024.2372608","SPORTS BIOMECHANICS",2026
"4143","Popowczak, Marek; Rokita, Andrzej; Swierzko, Kamil; Szczepan, Stefan; Michalski, Ryszard; Mackala, Krzysztof","Are Linear Speed and Jumping Ability Determinants of Change of Direction Movements in Young Male Soccer Players?",NA,"JOURNAL OF SPORTS SCIENCE AND MEDICINE",2019
"135","Padovan, Riccardo; Toninelli, Nicholas; Longo, Stefano; Tornatore, Gianpaolo; Esposito, Fabio; Ce, Emiliano; Coratella, Giuseppe","High-Density Surface Electromyography Excitation in Front vs. Sack Overhead Press Prime Movers","10.5114/jhk/205466","JOURNAL OF HUMAN KINETICS",2026
"2599","O'Meagher, Reilly; O'Reilly, John; Ali, Ajmol","The effect of different playing surfaces on soccer skill performance","10.1177/17479541211066393","INTERNATIONAL JOURNAL OF SPORTS SCIENCE & COACHING",2022
"6616","Sasaki, Shogo; Nagano, Yasuharu; Suganuma, Yusaku; Koyama, Takeshi; Ichikawa, Hiroshi","Acceleration profile of high-impact movements during young football games: a cross-sectional study involving healthy children","10.1080/14763141.2021.1970796","SPORTS BIOMECHANICS",2024
"1442","Dane, Kathryn; West, Stephen W.; Hendricks, Sharief; Stodter, Anna; Yeomans, Caithriona; van Dyk, Nicol; Griffin, Steffan; Wilson, Fiona","A global survey exploring tackle training knowledge, attitudes and practices of women's rugby union coaches","10.1177/17479541241243180","INTERNATIONAL JOURNAL OF SPORTS SCIENCE & COACHING",2024
"5344","Chang, Kun; Lee, Hyun-Woo; Yu, Bo","In-game virtual goods consumption in esports: an extended cognition-affect-conation model linking age to purchase intention across FPS and MOBA genres","10.1108/IJSMS-06-2025-0283","INTERNATIONAL JOURNAL OF SPORTS MARKETING & SPONSORSHIP",2025
"6416","Teng, Xianzhong; Bao, Zheshi","Factors affecting users' stickiness of fitness apps: an empirical study based on the S-O-R perspective","10.1108/IJSMS-06-2021-0123","INTERNATIONAL JOURNAL OF SPORTS MARKETING & SPONSORSHIP",2022
"702","Chiang, Yi-Chien; Chiang, Chieh-Ying; Suchomel, Timothy J.","Differences in Mechanical Output between One Repetition Maximum- and Body Mass-Based Load Determination in The Behind-Neck Push Jerk","10.52082/jssm.2025.626","JOURNAL OF SPORTS SCIENCE AND MEDICINE",2025
"4732","Kim, Jinhee; Youm, Changhong; Son, Minji; Lee, Myeounggon; Kim, Youkyung","Golf club characteristics and vertical force distribution associated with pitch and lob shots of different carry distances","10.1177/1747954117721268","INTERNATIONAL JOURNAL OF SPORTS SCIENCE & COACHING",2017
"3855","Van Alsenoy, Ken; Thomson, Athol; Burnett, Angus","Reliability and validity of the Zebris FDM-THQ instrumented treadmill during running trials","10.1080/14763141.2018.1452966","SPORTS BIOMECHANICS",2019
"1044","Nikolic, Milos; Milanovic, Zoran; Sansone, Pierpaolo; Paulauskas, Henrikas; Kamarauskas, Paulius; Conte, Daniele","Investigating the Effect of Playing Different Defensive Styles and Court Sizes on Physical, Perceived, and Technical Demands in Basketball Small-Sided Games","10.5114/jhk/202929","JOURNAL OF HUMAN KINETICS",2025
"3017","Thng, Shiqi; Pearson, Simon; Mitchell, Lachlan J. G.; Meulenbroek, Clare; Keogh, Justin W. L.","On-block mechanistic determinants of start performance in high performance swimmers","10.1080/14763141.2021.1887342","SPORTS BIOMECHANICS",2024
"5908","Hanley, Brian; Thomas, Aaron L.; Tucker, Catherine B.","Kinematic and spatiotemporal differences between footstrike patterns in elite male and female 10,000 m runners in competition","10.1080/14763141.2024.2301995","SPORTS BIOMECHANICS",2025
"3894","Namazi, Parisa; Zarei, Mostafa; Hovanloo, Fariborz; Abbasi, Hamed","The association between the isokinetic muscle strength and lower extremity injuries in young male football players","10.1016/j.ptsp.2019.06.013","PHYSICAL THERAPY IN SPORT",2019
"4612","Machado, Felipe; Debieux, Pedro; Kaleka, Camila Cohen; Astur, Diego; Peccin, Maria Stella; Cohen, Moises","Knee isokinetic performance following anterior cruciate ligament reconstruction: patellar tendon versus hamstrings graft","10.1080/00913847.2018.1418592","PHYSICIAN AND SPORTSMEDICINE",2018
"4687","Yang, Jonghyun; Park, Youngsoo; Kim, Kitae; Ryu, Je-Kwang","Goalkeeper's position for defending short range shots","10.1177/1747954117727686","INTERNATIONAL JOURNAL OF SPORTS SCIENCE & COACHING",2017
"7914","Slone, Harris S.; Buckner, Jeannie F.; Hewson, Kirstie; Barr, Michael J.; Crawford, Thomas; Woolf, Shane K.","Economic impact of outreach athletic trainers on a health system: implications for program growth and sustainability","10.1080/00913847.2018.1502570","PHYSICIAN AND SPORTSMEDICINE",2018
"2096","Villafaina, Santos; Fuentes-Garcia, Juan Pedro; Fernandes, Orlando; Munoz, Diego; Batalha, Nuno; Parraca, Jose A.","The impact of winning or losing a padel match on heart rate variability","10.1177/17479541221140066","INTERNATIONAL JOURNAL OF SPORTS SCIENCE & COACHING",2024
"5062","Asian-Clemente, Jose Antonio; Requena, Bernardo; Beltran-Garrido, Jose Vicente; Zmijewski, Piotr","The Impact of Field Size on Positional and Possession Games: Variations in Physical Demands across Player Positions in Soccer Training","10.5114/jhk/222302","JOURNAL OF HUMAN KINETICS",2026
"4567","Ludyga, Sebastian; Gerber, Markus; Brand, Serge; Puhse, Uwe; Colledge, Flora","Effects of Aerobic Exercise on Cognitive Performance Among Young Adults in a Higher Education Setting","10.1080/02701367.2018.1438575","RESEARCH QUARTERLY FOR EXERCISE AND SPORT",2018
"7898","Brusseau, Timothy A.; Burns, Ryan D.","Physical Activity, Health-Related Fitness, and Classroom Behavior in Children: A Discriminant Function Analysis","10.1080/02701367.2018.1519521","RESEARCH QUARTERLY FOR EXERCISE AND SPORT",2018
"3058","Ly, Kien; Michaud, Lucas; Lajoie, Yves","The effects of Kinesiology Tape on static postural control in individuals with functional ankle instability","10.1016/j.ptsp.2021.01.003","PHYSICAL THERAPY IN SPORT",2021
"1147","Ghorbel, Ahmed; Trabelsi, Omar; Yaakoubi, Mohamed; Souissi, Mohamed Abdelkader; Gharbi, Adnene","Flipped classroom approach for gymnastics learning in physical education: A quasi-experimental study","10.1177/17479541241301382","INTERNATIONAL JOURNAL OF SPORTS SCIENCE & COACHING",2025
"5675","Oliveira, Gabriel dos Santos; Gasparin, Gabriela Bissani; Capaverde, Vinicius de Borba; Ribas, Leticia Oscar; Alvares, Joao Breno Araujo Ribeiro; Baroni, Bruno Manfredini","Monitoring hip adductor strength in professional women's football players over a season: A prospective study","10.1016/j.ptsp.2024.10.005","PHYSICAL THERAPY IN SPORT",2024
"2383","Wilke, Jan; Tenberg, Sarah; Groneberg, David","Prognostic factors of muscle injury in elite football players: A media-based, retrospective 5-year analysis","10.1016/j.ptsp.2022.05.009","PHYSICAL THERAPY IN SPORT",2022
"4166","Mills, Blair S.; McMaster, Daniel T.; Smith, Brett","Strength Training Recommendations to Improve Scrum Force and Impulse in Rugby Union Forwards","10.1519/SSC.0000000000000420","STRENGTH AND CONDITIONING JOURNAL",2019
"5592","Francis, John William; Kyte, Jamie Lee; Bateman, Michael; Nicholls, Scott Benjamin","The landscape of validity and reliability practices from applied performance analysts: Establishing a best practice framework","10.1177/17479541251317043","INTERNATIONAL JOURNAL OF SPORTS SCIENCE & COACHING",2025
"1254","Sacramento, Henrique Silva; da Silva, Lucas Chalegre; Papoti, Marcelo; Rossi, Fabricio Eduardo; Gomes, Willemax dos Santos; Costa, Andre dos Santos; Campos, Eduardo Zapaterra","Sodium Nitrate Improves Oxidative Energy Contribution and Reduces Phosphocreatine Contribution During High-Intensity Intermittent Exercise","10.1080/02701367.2024.2396146","RESEARCH QUARTERLY FOR EXERCISE AND SPORT",2025
"2251","da Cruz Filho, Edson Gonsales; Moura, Felipe Arruda; Bini, Rodrigo Rico","Foot tracking can be an alternative to determine foot strike and take-off during vertical jumps","10.1080/14763141.2022.2109504","SPORTS BIOMECHANICS",2022
"6422","Vingren, J. L.; Boyett, J. C.; Lee, E. C.; Levitt, D. E.; Luk, H. Y.; McDermott, B. P.; Munoz, C. X.; Ganio, M. S.; Armstrong, L. E.; Hill, D. W.","A Single Dose of Ibuprofen Impacts IL-10 Response to 164-km Road Cycling in the Heat","10.1080/02701367.2021.1981539","RESEARCH QUARTERLY FOR EXERCISE AND SPORT",2023
"952","Rabello, Rodrigo; Desai, Gauri A.; Sforza, Chiarella; Gruber, Allison H.","Running stiffness and spatiotemporal parameters are similar between non-runners and runners with different experience levels","10.1080/14763141.2025.2480094","SPORTS BIOMECHANICS",2025
"1913","Beddows, T. P. A.; Weir, A.; Agricola, R.; Tak, I. J. R.; Piscaer, T. M.; Verhaar, J. A. N.; van Klij, P.","Hip and groin pain in male field hockey players: Prevalence, incidence and associations with patient reported outcome scores and hip muscle strength","10.1016/j.ptsp.2023.02.010","PHYSICAL THERAPY IN SPORT",2023
