Rank;Sourceid;Title;Type;Issn;Publisher;Open Access;Open Access Diamond;SJR;SJR Quartile;H index;Total Docs. (2025);Total Docs. (3years);Total Refs.;Total Citations (3years);Citable Docs. (3years);Citations / Doc. (2years);Ref. / Doc.;%Female;Overton;Country;Region;Publisher;Coverage;Categories;Areas
1;19817;"British Journal of Sports Medicine";journal;"03063674, 14730480";"BMJ Publishing Group";No;No;4,847;Q1;256;293;830;10038;7661;508;9,11;34,26;44,54;5;United Kingdom;Western Europe;"BMJ Publishing Group";"1964, 1974-2026";"Medicine (miscellaneous) (Q1); Orthopedics and Sports Medicine (Q1); Physical Therapy, Sports Therapy and Rehabilitation (Q1); Sports Science (Q1)";"Health Professions; Medicine"
2;20373;"Sports Medicine";journal;"01121642, 11792035";"Springer International Publishing AG";Yes;No;4,065;Q1;262;224;532;18285;6235;446;11,01;81,63;29,07;3;Switzerland;Western Europe;"Springer International Publishing AG";"1984-2026";"Medicine (miscellaneous) (Q1); Orthopedics and Sports Medicine (Q1); Physical Therapy, Sports Therapy and Rehabilitation (Q1); Sports Science (Q1)";"Health Professions; Medicine"
3;17900156719;"International Review of Sport and Exercise Psychology";journal;"1750984X, 17509858";"Routledge";No;No;3,533;Q1;68;60;84;6249;1086;83;12,52;104,15;42,74;0;United Kingdom;Western Europe;"Routledge";"2009-2026";"Applied Psychology (Q1); Sports Science (Q1)";"Health Professions; Psychology"
4;19799;"American Journal of Sports Medicine";journal;"03635465, 15523365";"SAGE Publications Inc.";No;No;2,290;Q1;292;391;1299;15360;7563;1157;5,44;39,28;22,59;0;United States;Northern America;"SAGE Publications Inc.";"1973-2026";"Medicine (miscellaneous) (Q1); Orthopedics and Sports Medicine (Q1); Physical Therapy, Sports Therapy and Rehabilitation (Q1); Sports Science (Q1)";"Health Professions; Medicine"
5;15222;"Arthroscopy - Journal of Arthroscopic and Related Surgery";journal;"07498063, 15263231";"W.B. Saunders";No;No;2,110;Q1;203;791;1326;22677;5094;735;3,86;28,67;19,69;1;United States;Northern America;"W.B. Saunders";"1985-2025";"Orthopedics and Sports Medicine (Q1); Sports Science (Q1)";"Health Professions; Medicine"
6;19890;"Knee Surgery, Sports Traumatology, Arthroscopy";journal;"09422056, 14337347";"John Wiley and Sons Inc";No;No;1,998;Q1;167;605;1474;23891;8531;1394;5,89;39,49;20,53;0;Germany;Western Europe;"John Wiley and Sons Inc";"1993-2026";"Orthopedics and Sports Medicine (Q1); Sports Science (Q1); Surgery (Q1)";"Health Professions; Medicine"
7;19816;"Biology of Sport";journal;"0860021X, 20831862";"Institute of Sport";Yes;No;1,987;Q1;57;117;339;5310;2332;339;7,49;45,38;19,83;0;Poland;Eastern Europe;"Institute of Sport";"1996-2026";"Orthopedics and Sports Medicine (Q1); Physical Therapy, Sports Therapy and Rehabilitation (Q1); Physiology (medical) (Q1); Sports Science (Q1)";"Health Professions; Medicine"
8;21100908538;"Science and Medicine in Football";journal;"24733938, 24734446";"Taylor and Francis Ltd.";No;No;1,838;Q1;40;74;178;3137;936;169;4,58;42,39;29,87;1;United Kingdom;Western Europe;"Taylor and Francis Ltd.";"2017-2026";"Orthopedics and Sports Medicine (Q1); Physical Therapy, Sports Therapy and Rehabilitation (Q1); Sports Science (Q1)";"Health Professions; Medicine"
9;14000156196;"International Journal of Sports Physiology and Performance";journal;"15550265, 15550273";"Human Kinetics Publishers Inc.";No;No;1,833;Q1;109;232;619;7415;2950;576;3,13;31,96;20,80;0;United States;Northern America;"Human Kinetics Publishers Inc.";"2006-2026";"Orthopedics and Sports Medicine (Q1); Physical Therapy, Sports Therapy and Rehabilitation (Q1); Sports Science (Q1)";"Health Professions; Medicine"
10;19873;"Journal of Orthopaedic and Sports Physical Therapy";journal;"19381344, 01906011";"Movement Science Media";No;No;1,794;Q1;161;84;258;3523;1380;232;4,69;41,94;42,33;0;United States;Northern America;"Movement Science Media";"1979-2026";"Medicine (miscellaneous) (Q1); Physical Therapy, Sports Therapy and Rehabilitation (Q1); Sports Science (Q1)";"Health Professions; Medicine"
11;21723;"Journal of Shoulder and Elbow Surgery";journal;"15326500, 10582746";"Elsevier Inc.";No;No;1,675;Q1;187;512;1211;16632;4920;1158;3,78;32,48;20,87;0;United States;Northern America;"Elsevier Inc.";"1992-2026";"Medicine (miscellaneous) (Q1); Orthopedics and Sports Medicine (Q1); Sports Science (Q1); Surgery (Q1)";"Health Professions; Medicine"
12;21100241208;"Bone and Joint Journal";journal;"20494408, 20494394";"British Editorial Society of Bone and Joint Surgery";No;No;1,660;Q1;224;208;624;7757;2929;567;4,22;37,29;20,00;0;United Kingdom;Western Europe;"British Editorial Society of Bone and Joint Surgery";"2013-2026";"Medicine (miscellaneous) (Q1); Orthopedics and Sports Medicine (Q1); Sports Science (Q1); Surgery (Q1)";"Health Professions; Medicine"
13;12100156754;"Sport Management Review";journal;"14413523";"Taylor and Francis Ltd.";No;No;1,568;Q1;93;54;114;4362;716;113;5,93;80,78;46,45;0;United Kingdom;Western Europe;"Taylor and Francis Ltd.";"1998-2026";"Business and International Management (Q1); Management Science and Operations Research (Q1); Marketing (Q1); Organizational Behavior and Human Resource Management (Q1); Sports Science (Q1); Strategy and Management (Q1); Tourism, Leisure and Hospitality Management (Q1)";"Business, Management and Accounting; Decision Sciences; Health Professions"
14;20346;"Scandinavian Journal of Medicine and Science in Sports";journal;"16000838, 09057188";"Blackwell Munksgaard";No;No;1,525;Q1;158;182;676;9264;2968;633;4,03;50,90;31,16;0;Denmark;Western Europe;"Blackwell Munksgaard";"1991-2026";"Orthopedics and Sports Medicine (Q1); Physical Therapy, Sports Therapy and Rehabilitation (Q1); Sports Science (Q1)";"Health Professions; Medicine"
15;19874;"Journal of Science and Medicine in Sport";journal;"18781861, 14402440";"Elsevier Ltd";No;No;1,520;Q1;141;189;453;6807;1781;399;3,99;36,02;39,13;0;United Kingdom;Western Europe;"Elsevier Ltd";"1998-2026";"Orthopedics and Sports Medicine (Q1); Physical Therapy, Sports Therapy and Rehabilitation (Q1); Sports Science (Q1)";"Health Professions; Medicine"
16;19842;"Exercise and Sport Sciences Reviews";journal;"15383008, 00916331";"Lippincott Williams and Wilkins Ltd.";No;No;1,514;Q1;127;22;77;1141;395;67;4,87;51,86;42,67;0;United States;Northern America;"Lippincott Williams and Wilkins Ltd.";"1973-2026";"Orthopedics and Sports Medicine (Q1); Physical Therapy, Sports Therapy and Rehabilitation (Q1); Sports Science (Q1)";"Health Professions; Medicine"
17;19894;"Medicine and Science in Sports and Exercise";journal;"15300315, 01959131";"Lippincott Williams and Wilkins";No;No;1,481;Q1;280;1314;739;16200;3245;717;3,74;12,33;41,84;0;United States;Northern America;"Lippincott Williams and Wilkins";"1969-2026";"Orthopedics and Sports Medicine (Q1); Physical Therapy, Sports Therapy and Rehabilitation (Q1); Sports Science (Q1)";"Health Professions; Medicine"
18;23478;"Journal of Physiology";journal;"00223751, 14697793";"John Wiley and Sons Inc";No;No;1,476;Q1;285;710;1406;43943;4870;1079;3,36;61,89;38,78;0;United Kingdom;Western Europe;"John Wiley and Sons Inc";"1878-2026";"Physiology (Q1); Sports Science (Q1)";"Biochemistry, Genetics and Molecular Biology; Health Professions"
19;19700169885;"European Sport Management Quarterly";journal;"1746031X, 16184742";"Routledge";No;No;1,452;Q1;63;68;193;5253;1274;189;6,24;77,25;32,60;0;United Kingdom;Western Europe;"Routledge";"2010-2026";"Sports Science (Q1); Strategy and Management (Q1); Tourism, Leisure and Hospitality Management (Q1)";"Business, Management and Accounting; Health Professions"
20;21078;"Journal of Sport Management";journal;"1543270X, 08884773";"Human Kinetics Publishers Inc.";No;No;1,435;Q1;96;37;130;2448;623;125;3,78;66,16;32,93;0;United States;Northern America;"Human Kinetics Publishers Inc.";"1987, 1989, 1995-2026";"Decision Sciences (miscellaneous) (Q1); Organizational Behavior and Human Resource Management (Q1); Orthopedics and Sports Medicine (Q1); Physical Therapy, Sports Therapy and Rehabilitation (Q1); Sports Science (Q1)";"Business, Management and Accounting; Decision Sciences; Health Professions; Medicine"
21;12198;"Journal of Bone and Joint Surgery";journal;"15351386, 00219355";"Lippincott Williams and Wilkins";Yes;No;1,422;Q1;324;525;1245;14707;4002;899;3,18;28,01;25,45;0;United States;Northern America;"Lippincott Williams and Wilkins";"1946-2026";"Medicine (miscellaneous) (Q1); Orthopedics and Sports Medicine (Q1); Sports Science (Q1); Surgery (Q1)";"Health Professions; Medicine"
22;21100199724;"Qualitative Research in Sport, Exercise and Health";journal;"21596778, 2159676X";"Taylor and Francis Ltd.";No;No;1,414;Q1;57;50;154;2702;783;154;6,02;54,04;62,42;0;United Kingdom;Western Europe;"Taylor and Francis Ltd.";"2011-2026";"Health (social science) (Q1); Physical Therapy, Sports Therapy and Rehabilitation (Q1); Social Psychology (Q1); Sports Science (Q1)";"Health Professions; Psychology; Social Sciences"
23;13068;"Spine";journal;"03622436, 15281159";"Wolters Kluwer Health";No;No;1,406;Q1;310;439;903;12076;3332;822;3,37;27,51;20,37;0;United States;Northern America;"Wolters Kluwer Health";"1976-2026";"Neurology (clinical) (Q1); Orthopedics and Sports Medicine (Q1); Sports Science (Q1)";"Health Professions; Medicine"
24;19700187632;"Physical Education and Sport Pedagogy";journal;"17408989, 17425786";"Taylor and Francis Ltd.";No;No;1,391;Q1;65;120;178;5764;997;178;4,42;48,03;37,85;3;United Kingdom;Western Europe;"Taylor and Francis Ltd.";"2010-2026";"Education (Q1); Orthopedics and Sports Medicine (Q1); Physical Therapy, Sports Therapy and Rehabilitation (Q1); Sports Science (Q1)";"Health Professions; Medicine; Social Sciences"
25;14033;"Psychology of Sport and Exercise";journal;"14690292";"Elsevier B.V.";No;No;1,355;Q1;133;195;488;13723;2405;480;4,59;70,37;41,82;0;Netherlands;Western Europe;"Elsevier B.V.";"2000-2026";"Applied Psychology (Q1); Sports Science (Q1)";"Health Professions; Psychology"
26;5800228211;"European Physical Education Review";journal;"1356336X, 17412749";"SAGE Publications Ltd";No;No;1,309;Q1;63;59;139;3266;704;139;4,61;55,36;43,26;0;United Kingdom;Western Europe;"SAGE Publications Ltd";"1995-2026";"Education (Q1); Orthopedics and Sports Medicine (Q1); Physical Therapy, Sports Therapy and Rehabilitation (Q1); Sports Science (Q1)";"Health Professions; Medicine; Social Sciences"
27;19870;"Journal of Applied Sport Psychology";journal;"10413200, 15331571";"Taylor and Francis Ltd.";No;No;1,272;Q1;99;69;162;3834;757;153;4,60;55,57;42,74;0;United Kingdom;Western Europe;"Taylor and Francis Ltd.";"1989-2026";"Applied Psychology (Q1); Sports Science (Q1)";"Health Professions; Psychology"
28;20934;"Sport, Education and Society";journal;"14701243, 13573322";"Routledge";No;No;1,245;Q1;90;218;261;12131;1313;257;4,24;55,65;47,88;5;United Kingdom;Western Europe;"Routledge";"1996-2026";"Education (Q1); Orthopedics and Sports Medicine (Q1); Physical Therapy, Sports Therapy and Rehabilitation (Q1); Sports Science (Q1)";"Health Professions; Medicine; Social Sciences"
29;3200147837;"Journal of Exercise Science and Fitness";journal;"1728869X";"Elsevier (Singapore) Pte Ltd";Yes;No;1,226;Q1;39;61;155;3239;759;155;4,71;53,10;34,44;0;Singapore;Asiatic Region;"Elsevier (Singapore) Pte Ltd";"2005-2026";"Pharmaceutical Science (Q1); Pharmacology (nursing) (Q1); Physical Therapy, Sports Therapy and Rehabilitation (Q1); Public Health, Environmental and Occupational Health (Q1); Sports Science (Q1)";"Health Professions; Medicine; Nursing; Pharmacology, Toxicology and Pharmaceutics"
30;38062;"Exercise Immunology Review";journal;"10775552";"Association for the Advancement of Sports Medicine";No;No;1,220;Q1;65;5;17;0;81;17;4,70;0,00;40,74;0;Germany;Western Europe;"Association for the Advancement of Sports Medicine";"1996-2025";"Medicine (miscellaneous) (Q1); Sports Science (Q1); Immunology (Q2)";"Health Professions; Immunology and Microbiology; Medicine"
31;19889;"Journal of Strength and Conditioning Research";journal;"10648011, 15334287";"NSCA National Strength and Conditioning Association";Yes;No;1,217;Q2;185;335;1215;14875;4242;1209;3,14;44,40;26,24;0;United States;Northern America;"NSCA National Strength and Conditioning Association";"1987-2026";"Medicine (miscellaneous) (Q1); Orthopedics and Sports Medicine (Q1); Physical Therapy, Sports Therapy and Rehabilitation (Q1); Sports Science (Q2)";"Health Professions; Medicine"
32;15000154801;"Journal of Human Kinetics";journal;"16405544, 18997562";"Termedia Publishing House Ltd.";Yes;No;1,200;Q2;66;100;297;4125;1153;297;4,09;41,25;21,29;0;Poland;Eastern Europe;"Termedia Publishing House Ltd.";"2008-2026";"Physical Therapy, Sports Therapy and Rehabilitation (Q1); Physiology (medical) (Q1); Sports Science (Q2)";"Health Professions; Medicine"
33;29603;"Clinical Orthopaedics and Related Research";journal;"15281132, 0009921X";"";No;No;1,183;Q2;254;489;1250;8683;2401;620;1,87;17,76;26,06;0;United States;Northern America;"";"1963-2026";"Medicine (miscellaneous) (Q1); Orthopedics and Sports Medicine (Q1); Surgery (Q1); Sports Science (Q2)";"Health Professions; Medicine"
34;19871;"Journal of Athletic Training";journal;"10626050, 1938162X";"National Athletic Trainers' Association Inc.";Yes;No;1,166;Q2;146;85;393;2535;1155;377;2,67;29,82;45,89;1;United States;Northern America;"National Athletic Trainers' Association Inc.";"1996-2026";"Medicine (miscellaneous) (Q1); Orthopedics and Sports Medicine (Q1); Physical Therapy, Sports Therapy and Rehabilitation (Q1); Sports Science (Q2)";"Health Professions; Medicine"
35;29890;"Strength and Conditioning Journal";journal;"15334295, 15241602";"Lippincott Williams and Wilkins";No;No;1,160;Q2;68;94;198;6505;651;194;3,38;69,20;23,59;0;United States;Northern America;"Lippincott Williams and Wilkins";"1996-2025";"Orthopedics and Sports Medicine (Q1); Physical Therapy, Sports Therapy and Rehabilitation (Q1); Sports Science (Q2)";"Health Professions; Medicine"
36;5800207375;"European Journal of Sport Science";journal;"17461391, 15367290";"John Wiley and Sons Inc";Yes;No;1,137;Q2;94;208;624;10078;2349;622;3,43;48,45;28,64;1;United Kingdom;Western Europe;"John Wiley and Sons Inc";"2001-2026";"Medicine (miscellaneous) (Q1); Orthopedics and Sports Medicine (Q1); Physical Therapy, Sports Therapy and Rehabilitation (Q1); Sports Science (Q2)";"Health Professions; Medicine"
37;23454;"Journal of Applied Physiology";journal;"87507587, 15221601";"American Physiological Society";No;No;1,106;Q2;276;327;984;16888;2968;821;2,84;51,65;33,96;3;United States;Northern America;"American Physiological Society";"1948-1976, 1985-2026";"Medicine (miscellaneous) (Q1); Physiology (Q2); Physiology (medical) (Q2); Sports Science (Q2)";"Biochemistry, Genetics and Molecular Biology; Health Professions; Medicine"
38;4000152113;"Journal of Sports Science and Medicine";journal;"13032968";"Journal of Sport Science and Medicine";Yes;No;1,075;Q2;93;81;233;4008;903;231;3,96;49,48;30,95;0;Turkey;Middle East;"Journal of Sport Science and Medicine";"2002-2026";"Orthopedics and Sports Medicine (Q1); Physical Therapy, Sports Therapy and Rehabilitation (Q1); Sports Science (Q2)";"Health Professions; Medicine"
39;11700154617;"Journal of the International Society of Sports Nutrition";journal;"15502783";"Taylor and Francis Ltd.";Yes;No;1,067;Q2;79;120;157;7581;770;155;5,21;63,18;35,02;0;United Kingdom;Western Europe;"Taylor and Francis Ltd.";"2007-2026";"Food Science (Q1); Nutrition and Dietetics (Q1); Sports Science (Q2)";"Agricultural and Biological Sciences; Health Professions; Nursing"
40;15600154711;"International Journal of Sport and Exercise Psychology";journal;"1557251X, 1612197X";"Taylor and Francis Ltd.";No;No;1,052;Q2;53;238;294;15020;1225;288;3,93;63,11;40,00;0;United Kingdom;Western Europe;"Taylor and Francis Ltd.";"2008-2026";"Social Psychology (Q1); Applied Psychology (Q2); Sports Science (Q2)";"Health Professions; Psychology"
41;16270;"Archives of Physical Medicine and Rehabilitation";journal;"1532821X, 00039993";"W.B. Saunders";No;No;1,048;Q2;235;284;897;12355;3178;734;3,21;43,50;53,61;3;United States;Northern America;"W.B. Saunders";"1945-2026";"Physical Therapy, Sports Therapy and Rehabilitation (Q1); Rehabilitation (Q1); Sports Science (Q2)";"Health Professions; Medicine"
42;21090;"Journal of Sports Sciences";journal;"1466447X, 02640414";"Routledge";No;No;1,018;Q2;181;310;743;16940;2454;733;2,91;54,65;27,71;1;United Kingdom;Western Europe;"Routledge";"1983-2026";"Orthopedics and Sports Medicine (Q1); Physical Therapy, Sports Therapy and Rehabilitation (Q1); Sports Science (Q2)";"Health Professions; Medicine"
43;40900;"International Journal of Sport Nutrition and Exercise Metabolism";journal;"1526484X, 15432742";"Human Kinetics Publishers Inc.";No;No;1,007;Q2;98;49;138;2411;430;128;2,57;49,20;32,45;0;United States;Northern America;"Human Kinetics Publishers Inc.";"1996-1998, 2000-2026";"Medicine (miscellaneous) (Q1); Nutrition and Dietetics (Q1); Orthopedics and Sports Medicine (Q1); Sports Science (Q2)";"Health Professions; Medicine; Nursing"
44;23402;"European Journal of Applied Physiology";journal;"14396319, 14396327";"Springer Science and Business Media Deutschland GmbH";No;No;0,985;Q2;176;413;722;21832;2353;683;2,94;52,86;31,47;1;Germany;Western Europe;"Springer Science and Business Media Deutschland GmbH";"1996, 2000-2026";"Medicine (miscellaneous) (Q1); Orthopedics and Sports Medicine (Q1); Public Health, Environmental and Occupational Health (Q1); Physiology (medical) (Q2); Sports Science (Q2)";"Health Professions; Medicine"
45;147231;"International Review for the Sociology of Sport";journal;"10126902, 14617218";"SAGE Publications Ltd";No;No;0,964;Q2;80;137;198;8467;870;196;4,37;61,80;38,26;2;United Kingdom;Western Europe;"SAGE Publications Ltd";"1966-2002, 2004-2026";"Social Sciences (miscellaneous) (Q1); Sociology and Political Science (Q1); Sports Science (Q2)";"Health Professions; Social Sciences"
46;19912;"Physical Therapy in Sport";journal;"1466853X, 18731600";"Churchill Livingstone";No;No;0,947;Q2;72;108;313;4796;893;313;2,60;44,41;33,20;0;United States;Northern America;"Churchill Livingstone";"2000-2026";"Medicine (miscellaneous) (Q1); Orthopedics and Sports Medicine (Q1); Physical Therapy, Sports Therapy and Rehabilitation (Q1); Sports Science (Q2)";"Health Professions; Medicine"
47;12257;"Journal of Orthopaedic Trauma";journal;"08905339, 15312291";"Wolters Kluwer Health";No;No;0,923;Q2;159;162;677;3185;1368;643;2,03;19,66;24,53;0;United States;Northern America;"Wolters Kluwer Health";"1987-2026";"Medicine (miscellaneous) (Q1); Orthopedics and Sports Medicine (Q1); Surgery (Q1); Sports Science (Q2)";"Health Professions; Medicine"
48;18142;"Sociology of Sport Journal";journal;"15432785, 07411235";"Human Kinetics Publishers Inc.";No;No;0,881;Q2;74;42;124;2978;400;120;2,58;70,90;48,96;0;United States;Northern America;"Human Kinetics Publishers Inc.";"1986, 1995-2026";"Orthopedics and Sports Medicine (Q1); Physical Therapy, Sports Therapy and Rehabilitation (Q1); Sociology and Political Science (Q1); Sports Science (Q2)";"Health Professions; Medicine; Social Sciences"
49;23483;"Knee";journal;"18735800, 09680160";"Elsevier B.V.";No;No;0,862;Q2;102;268;533;8720;1357;493;2,53;32,54;19,94;0;Netherlands;Western Europe;"Elsevier B.V.";"1994-2026";"Orthopedics and Sports Medicine (Q1); Sports Science (Q2)";"Health Professions; Medicine"
50;30091;"Journal of Sport and Exercise Psychology";journal;"08952779, 15432904";"Human Kinetics Publishers Inc.";No;No;0,860;Q2;129;37;95;1838;298;93;2,54;49,68;49,30;0;United States;Northern America;"Human Kinetics Publishers Inc.";"1988-1991, 1996-2026";"Applied Psychology (Q2); Sports Science (Q2)";"Health Professions; Psychology"
51;19916;"Research in Sports Medicine";journal;"15438635, 15438627";"Taylor and Francis Ltd.";No;No;0,849;Q2;54;70;207;2705;545;207;2,68;38,64;32,75;0;United Kingdom;Western Europe;"Taylor and Francis Ltd.";"2003-2026";"Physical Therapy, Sports Therapy and Rehabilitation (Q1); Medicine (miscellaneous) (Q2); Orthopedics and Sports Medicine (Q2); Sports Science (Q2)";"Health Professions; Medicine"
52;19915;"Physician and Sportsmedicine";journal;"23263660, 00913847";"Taylor and Francis Ltd.";No;No;0,845;Q2;63;74;236;2635;619;231;2,46;35,61;30,77;0;United Kingdom;Western Europe;"Taylor and Francis Ltd.";"1978-2005, 2008-2026";"Physical Therapy, Sports Therapy and Rehabilitation (Q1); Orthopedics and Sports Medicine (Q2); Sports Science (Q2)";"Health Professions; Medicine"
53;28025;"Gait and Posture";journal;"18792219, 09666362";"Elsevier B.V.";No;No;0,842;Q2;186;263;935;10223;2974;919;2,91;38,87;40,33;0;Netherlands;Western Europe;"Elsevier B.V.";"1993-2026";"Biophysics (Q1); Rehabilitation (Q1); Orthopedics and Sports Medicine (Q2); Sports Science (Q2)";"Biochemistry, Genetics and Molecular Biology; Health Professions; Medicine"
54;21076;"Sports Biomechanics";journal;"17526116, 14763141";"Taylor and Francis Ltd.";No;No;0,835;Q2;61;271;473;11206;1351;459;2,85;41,35;25,31;0;United Kingdom;Western Europe;"Taylor and Francis Ltd.";"2002-2026";"Physical Therapy, Sports Therapy and Rehabilitation (Q1); Orthopedics and Sports Medicine (Q2); Sports Science (Q2)";"Health Professions; Medicine"
55;19700180783;"International Journal of Sports Science and Coaching";journal;"2048397X, 17479541";"SAGE Publications Inc.";No;No;0,826;Q2;54;377;583;18186;1744;579;2,94;48,24;25,46;0;United Kingdom;Western Europe;"SAGE Publications Inc.";"2009-2026";"Social Sciences (miscellaneous) (Q1); Sports Science (Q2)";"Health Professions; Social Sciences"
56;4700151608;"Journal of the Philosophy of Sport";journal;"00948705, 15432939";"Routledge";No;No;0,786;Q2;38;40;79;1110;151;79;1,64;27,75;22,22;0;United Kingdom;Western Europe;"Routledge";"1974-1993, 1995-2026";"Health (social science) (Q1); Philosophy (Q1); Physical Therapy, Sports Therapy and Rehabilitation (Q1); Social Sciences (miscellaneous) (Q1); Sports Science (Q2)";"Arts and Humanities; Health Professions; Social Sciences"
57;11800154592;"Journal of Sports Economics";journal;"15270025, 15527794";"SAGE Publications Ltd";No;No;0,775;Q2;63;42;129;1664;315;128;1,94;39,62;20,00;0;United Kingdom;Western Europe;"SAGE Publications Ltd";"2000-2026";"Economics, Econometrics and Finance (miscellaneous) (Q1); Sports Science (Q2)";"Economics, Econometrics and Finance; Health Professions"
58;19864;"International Journal of Sports Medicine";journal;"01724622, 14393964";"Georg Thieme Verlag";No;No;0,773;Q2;135;112;377;5864;978;371;2,29;52,36;26,83;0;Germany;Western Europe;"Georg Thieme Verlag";"1980-2026";"Physical Therapy, Sports Therapy and Rehabilitation (Q1); Orthopedics and Sports Medicine (Q2); Sports Science (Q2)";"Health Professions; Medicine"
59;29803;"Research Quarterly for Exercise and Sport";journal;"02701367, 21683824";"Taylor and Francis Ltd.";No;No;0,773;Q2;111;114;325;5330;883;315;2,49;46,75;29,88;0;United Kingdom;Western Europe;"Taylor and Francis Ltd.";"1980-2026";"Physical Therapy, Sports Therapy and Rehabilitation (Q1); Medicine (miscellaneous) (Q2); Nephrology (Q2); Orthopedics and Sports Medicine (Q2); Sports Science (Q2)";"Health Professions; Medicine"
60;19200157038;"International Journal of Sports Marketing and Sponsorship";journal;"14646668";"Emerald Group Publishing Ltd.";No;No;0,767;Q2;42;97;173;6820;788;168;4,13;70,31;33,21;0;United Kingdom;Western Europe;"Emerald Group Publishing Ltd.";"2001, 2007-2026";"Business and International Management (Q2); Finance (Q2); Marketing (Q2); Sports Science (Q2)";"Business, Management and Accounting; Economics, Econometrics and Finance; Health Professions"
61;15800154701;"PM&amp;R";journal;"19341482, 19341563";"John Wiley and Sons Inc";No;No;0,758;Q2;97;240;509;8259;1192;425;1,92;34,41;46,41;1;United States;Northern America;"John Wiley and Sons Inc";"2009-2026";"Physical Therapy, Sports Therapy and Rehabilitation (Q1); Rehabilitation (Q1); Medicine (miscellaneous) (Q2); Neurology (Q2); Neurology (clinical) (Q2); Sports Science (Q2)";"Health Professions; Medicine; Neuroscience"
62;4700151731;"Applied Physiology, Nutrition and Metabolism";journal;"17155320, 17155312";"Canadian Science Publishing";No;No;0,756;Q3;119;159;387;7458;1057;379;2,54;46,91;44,67;2;Canada;Northern America;"Canadian Science Publishing";"2006-2026";"Endocrinology, Diabetes and Metabolism (Q2); Medicine (miscellaneous) (Q2); Nutrition and Dietetics (Q2); Physiology (Q2); Physiology (medical) (Q2); Sports Science (Q3)";"Biochemistry, Genetics and Molecular Biology; Health Professions; Medicine; Nursing"
63;12100156093;"Sport, Ethics and Philosophy";journal;"17511321, 1751133X";"Routledge";No;No;0,747;Q3;30;61;112;2623;248;103;2,41;43,00;16,88;0;United Kingdom;Western Europe;"Routledge";"2007-2026";"Philosophy (Q1); Physical Therapy, Sports Therapy and Rehabilitation (Q2); Sports Science (Q3)";"Arts and Humanities; Health Professions"
64;14897;"Journal of Electromyography and Kinesiology";journal;"18735711, 10506411";"Elsevier Ltd";No;No;0,726;Q3;123;88;211;3946;649;208;3,09;44,84;35,48;0;United Kingdom;Western Europe;"Elsevier Ltd";"1991-2026";"Biophysics (Q2); Neurology (clinical) (Q2); Neuroscience (miscellaneous) (Q3); Sports Science (Q3)";"Biochemistry, Genetics and Molecular Biology; Health Professions; Medicine; Neuroscience"
65;15846;"Journal of Biomechanics";journal;"18732380, 00219290";"Elsevier Ltd";No;No;0,722;Q3;240;452;1145;17963;3406;1134;2,90;39,74;29,06;0;United Kingdom;Western Europe;"Elsevier Ltd";"1968-2026";"Rehabilitation (Q1); Biomedical Engineering (Q2); Biophysics (Q2); Orthopedics and Sports Medicine (Q2); Sports Science (Q3)";"Biochemistry, Genetics and Molecular Biology; Engineering; Health Professions; Medicine"
66;16263;"American Journal of Physical Medicine and Rehabilitation";journal;"15377385, 08949115";"Lippincott Williams and Wilkins Ltd.";No;No;0,698;Q3;126;300;754;6388;1566;679;2,06;21,29;44,03;0;United States;Northern America;"Lippincott Williams and Wilkins Ltd.";"1987-2026";"Rehabilitation (Q1); Physical Therapy, Sports Therapy and Rehabilitation (Q2); Sports Science (Q3)";"Health Professions; Medicine"
67;19818;"Clinical Journal of Sport Medicine";journal;"15363724, 1050642X";"Lippincott Williams and Wilkins";No;No;0,697;Q3;125;134;371;4484;758;353;1,93;33,46;34,15;0;United States;Northern America;"Lippincott Williams and Wilkins";"1993-2026";"Orthopedics and Sports Medicine (Q2); Physical Therapy, Sports Therapy and Rehabilitation (Q2); Sports Science (Q3)";"Health Professions; Medicine"
68;21472;"Journal of Teaching in Physical Education";journal;"02735024, 15432769";"Human Kinetics Publishers Inc.";No;No;0,676;Q3;76;75;230;3803;516;227;2,05;50,71;43,12;1;United States;Northern America;"Human Kinetics Publishers Inc.";"1986, 1992-1993, 1996-2026";"Education (Q2); Orthopedics and Sports Medicine (Q2); Physical Therapy, Sports Therapy and Rehabilitation (Q2); Sports Science (Q3)";"Health Professions; Medicine; Social Sciences"
69;12272;"Journal of Rehabilitation Medicine";journal;"16512081, 16501977";"Medical Journals Sweden AB";Yes;No;0,675;Q3;121;94;315;3552;727;298;2,12;37,79;49,45;0;Sweden;Western Europe;"Medical Journals Sweden AB";"2001-2026";"Rehabilitation (Q1); Medicine (miscellaneous) (Q2); Physical Therapy, Sports Therapy and Rehabilitation (Q2); Sports Science (Q3)";"Health Professions; Medicine"
70;21100237613;"International Journal of Performance Analysis in Sport";journal;"14748185";"Taylor and Francis Ltd.";No;No;0,661;Q3;58;134;137;5321;387;137;2,96;39,71;17,10;0;United Kingdom;Western Europe;"Taylor and Francis Ltd.";"2011-2026";"Orthopedics and Sports Medicine (Q2); Physical Therapy, Sports Therapy and Rehabilitation (Q2); Sports Science (Q3)";"Health Professions; Medicine"
71;1200147101;"Sport in Society";journal;"17430445, 17430437";"Routledge";No;No;0,644;Q3;60;172;365;10688;1019;351;2,61;62,14;40,45;0;United Kingdom;Western Europe;"Routledge";"2005-2026";"Cultural Studies (Q1); Sports Science (Q3)";"Health Professions; Social Sciences"
72;21595;"Adapted Physical Activity Quarterly";journal;"15432777, 07365829";"Human Kinetics Publishers Inc.";No;No;0,641;Q3;70;37;109;1795;267;105;2,22;48,51;50,00;0;United States;Northern America;"Human Kinetics Publishers Inc.";"1988-2026";"Physical Therapy, Sports Therapy and Rehabilitation (Q2); Sports Science (Q3)";"Health Professions"
73;29191;"Journal of Aging and Physical Activity";journal;"10638652, 1543267X";"Human Kinetics Publishers Inc.";No;No;0,639;Q3;76;58;293;2953;592;284;1,86;50,91;43,71;0;United States;Northern America;"Human Kinetics Publishers Inc.";"1994, 1996-2026";"Gerontology (Q2); Physical Therapy, Sports Therapy and Rehabilitation (Q2); Rehabilitation (Q2); Geriatrics and Gerontology (Q3); Sports Science (Q3)";"Health Professions; Medicine; Nursing"
74;29204;"Measurement in Physical Education and Exercise Science";journal;"15327841, 1091367X";"Routledge";No;No;0,626;Q3;51;57;95;2605;234;95;2,10;45,70;33,33;0;United States;Northern America;"Routledge";"1999-2026";"Orthopedics and Sports Medicine (Q2); Physical Therapy, Sports Therapy and Rehabilitation (Q2); Sports Science (Q3)";"Health Professions; Medicine"
75;19876;"Journal of Sport Rehabilitation";journal;"15433072, 10566716";"Human Kinetics Publishers Inc.";No;No;0,609;Q3;70;116;361;4187;722;357;1,81;36,09;41,48;0;United States;Northern America;"Human Kinetics Publishers Inc.";"1992-2026";"Biophysics (Q2); Orthopedics and Sports Medicine (Q2); Physical Therapy, Sports Therapy and Rehabilitation (Q2); Rehabilitation (Q2); Sports Science (Q3)";"Biochemistry, Genetics and Molecular Biology; Health Professions; Medicine"
76;29442;"Quest";journal;"15432750, 00336297";"Taylor and Francis Ltd.";No;No;0,556;Q3;72;58;85;3295;172;85;1,85;56,81;48,18;0;United Kingdom;Western Europe;"Taylor and Francis Ltd.";"1963-2026";"Education (Q2); Sports Science (Q3)";"Health Professions; Social Sciences"
77;15724;"Pediatric Exercise Science";journal;"15432920, 08998493";"Human Kinetics Publishers Inc.";No;No;0,553;Q3;78;52;97;2110;166;91;1,49;40,58;42,47;0;United States;Northern America;"Human Kinetics Publishers Inc.";"1989-1990, 1992, 1996-2026";"Pediatrics, Perinatology and Child Health (Q2); Physical Therapy, Sports Therapy and Rehabilitation (Q2); Orthopedics and Sports Medicine (Q3); Sports Science (Q3)";"Health Professions; Medicine"
78;14018;"Human Movement Science";journal;"01679457, 18727646";"Elsevier B.V.";No;No;0,544;Q3;114;70;277;3535;607;273;2,11;50,50;34,46;0;Netherlands;Western Europe;"Elsevier B.V.";"1982-2026";"Medicine (miscellaneous) (Q2); Biophysics (Q3); Experimental and Cognitive Psychology (Q3); Orthopedics and Sports Medicine (Q3); Sports Science (Q3)";"Biochemistry, Genetics and Molecular Biology; Health Professions; Medicine; Psychology"
79;13073;"Sports Medicine and Arthroscopy Review";journal;"10628592, 15381951";"Lippincott Williams and Wilkins Ltd.";No;No;0,536;Q3;67;30;80;1168;155;69;1,15;38,93;24,81;0;United States;Northern America;"Lippincott Williams and Wilkins Ltd.";"1993-2026";"Physical Therapy, Sports Therapy and Rehabilitation (Q2); Orthopedics and Sports Medicine (Q3); Sports Science (Q3)";"Health Professions; Medicine"
80;21170;"Clinical Biomechanics";journal;"18791271, 02680033";"Elsevier Ltd";No;No;0,525;Q3;157;233;573;9523;1152;565;1,85;40,87;31,87;0;United Kingdom;Western Europe;"Elsevier Ltd";"1986-2026";"Biophysics (Q3); Orthopedics and Sports Medicine (Q3); Sports Science (Q3)";"Biochemistry, Genetics and Molecular Biology; Health Professions; Medicine"
81;15281;"Sport Psychologist";journal;"15432793, 08884781";"Human Kinetics Publishers Inc.";No;No;0,518;Q3;88;25;80;1417;139;80;1,43;56,68;49,48;0;United States;Northern America;"Human Kinetics Publishers Inc.";"1989, 1991-1992, 1996-2026";"Applied Psychology (Q3); Sports Science (Q3)";"Health Professions; Psychology"
82;19819;"Clinics in Sports Medicine";journal;"1556228X, 02785919";"W.B. Saunders";No;No;0,514;Q3;100;103;193;4429;345;156;1,76;43,00;31,60;0;United States;Northern America;"W.B. Saunders";"1982-2026";"Physical Therapy, Sports Therapy and Rehabilitation (Q2); Orthopedics and Sports Medicine (Q3); Sports Science (Q3)";"Health Professions; Medicine"
83;23446;"Journal of Applied Biomechanics";journal;"15432688, 10658483";"Human Kinetics Publishers Inc.";No;No;0,503;Q3;76;68;161;2722;258;159;1,57;40,03;39,10;0;United States;Northern America;"Human Kinetics Publishers Inc.";"1995-2026";"Rehabilitation (Q2); Biophysics (Q3); Orthopedics and Sports Medicine (Q3); Sports Science (Q3)";"Biochemistry, Genetics and Molecular Biology; Health Professions; Medicine"
84;16868;"Motor Control";journal;"10871640, 15432696";"Human Kinetics Publishers Inc.";No;No;0,476;Q3;55;28;126;1261;223;124;1,79;45,04;33,80;0;United States;Northern America;"Human Kinetics Publishers Inc.";"1987, 1997-2026";"Physical Therapy, Sports Therapy and Rehabilitation (Q2); Neurology (clinical) (Q3); Physiology (medical) (Q3); Sports Science (Q3)";"Health Professions; Medicine"
85;27566;"ACSM's Health and Fitness Journal";journal;"1536593X, 10915397";"Lippincott Williams and Wilkins Ltd.";No;No;0,459;Q3;36;78;235;1194;304;202;1,55;15,31;58,43;0;United States;Northern America;"Lippincott Williams and Wilkins Ltd.";"1998-2025";"Physical Therapy, Sports Therapy and Rehabilitation (Q2); Orthopedics and Sports Medicine (Q3); Public Health, Environmental and Occupational Health (Q3); Sports Science (Q3)";"Health Professions; Medicine"
86;19887;"Journal of Sports Medicine and Physical Fitness";journal;"18271928, 00224707";"Edizioni Minerva Medica S.p.A.";No;No;0,450;Q3;80;207;571;7809;815;547;1,35;37,72;28,69;0;Italy;Western Europe;"Edizioni Minerva Medica S.p.A.";"1962-2026";"Physical Therapy, Sports Therapy and Rehabilitation (Q2); Orthopedics and Sports Medicine (Q3); Sports Science (Q3)";"Health Professions; Medicine"
87;19835;"Current Sports Medicine Reports";journal;"15378918, 1537890X";"Lippincott Williams and Wilkins";No;No;0,448;Q3;73;88;275;2009;359;240;1,16;22,83;38,70;0;United States;Northern America;"Lippincott Williams and Wilkins";"2002-2026";"Medicine (miscellaneous) (Q3); Orthopedics and Sports Medicine (Q3); Public Health, Environmental and Occupational Health (Q3); Sports Science (Q3)";"Health Professions; Medicine"
88;30014;"Journal of Motor Behavior";journal;"00222895, 19401027";"Routledge";No;No;0,446;Q3;85;68;188;3639;308;188;1,56;53,51;37,50;0;United States;Northern America;"Routledge";"1969-2026";"Biophysics (Q3); Cognitive Neuroscience (Q3); Experimental and Cognitive Psychology (Q3); Orthopedics and Sports Medicine (Q3); Sports Science (Q3)";"Biochemistry, Genetics and Molecular Biology; Health Professions; Medicine; Neuroscience; Psychology"
89;4900152601;"Sport Sciences for Health";journal;"18247490, 18251234";"Springer-Verlag Italia s.r.l.";No;No;0,438;Q3;31;329;441;15382;694;434;1,53;46,75;33,62;0;Italy;Western Europe;"Springer-Verlag Italia s.r.l.";"2004-2026";"Orthopedics and Sports Medicine (Q3); Sports Science (Q3)";"Health Professions; Medicine"
90;20901;"Wilderness and Environmental Medicine";journal;"10806032, 15451534";"SAGE Publications Inc.";No;No;0,426;Q3;60;162;291;4529;382;222;1,38;27,96;37,07;1;United States;Northern America;"SAGE Publications Inc.";"1995-2026";"Emergency Medicine (Q2); Public Health, Environmental and Occupational Health (Q3); Sports Science (Q3)";"Health Professions; Medicine"
91;19300156920;"International Journal of Sport Finance";journal;"15586235, 1930076X";"SAGE Publications Ltd";No;No;0,418;Q3;35;16;44;808;47;41;1,19;50,50;18,92;0;United Kingdom;Western Europe;"SAGE Publications Ltd";"2008-2024";"Business and International Management (Q2); Finance (Q3); Marketing (Q3); Sports Science (Q3)";"Business, Management and Accounting; Economics, Econometrics and Finance; Health Professions"
92;19400158604;"Kinesiology";journal;"13311441, 1848638X";"University of Zagreb - Faculty of Kinesiology";Yes;Yes;0,417;Q4;36;30;103;1388;137;102;1,30;46,27;34,21;0;Croatia;Eastern Europe;"University of Zagreb - Faculty of Kinesiology";"2008-2025";"Physical Therapy, Sports Therapy and Rehabilitation (Q3); Sports Science (Q4)";"Health Professions"
93;13921;"High Altitude Medicine and Biology";journal;"15578682, 15270297";"Mary Ann Liebert Inc.";No;No;0,413;Q4;67;75;150;2751;217;129;1,41;36,68;36,07;0;United States;Northern America;"Mary Ann Liebert Inc.";"2000-2026";"Medicine (miscellaneous) (Q3); Public Health, Environmental and Occupational Health (Q3); Physiology (Q4); Sports Science (Q4)";"Biochemistry, Genetics and Molecular Biology; Health Professions; Medicine"
94;19400157269;"Proceedings of the Institution of Mechanical Engineers, Part P: Journal of Sports Engineering and Technology";journal;"1754338X, 17543371";"SAGE Publications Ltd";No;No;0,402;Q4;29;141;151;5202;282;147;1,60;36,89;18,52;0;United Kingdom;Western Europe;"SAGE Publications Ltd";"2008-2026";"Engineering (miscellaneous) (Q2); Sports Science (Q4)";"Engineering; Health Professions"
95;19838;"Deutsche Zeitschrift fur Sportmedizin";journal;"03445925, 25105264";"Dynamic Media Sales Verlag";Yes;Yes;0,391;Q4;25;30;108;750;131;83;1,00;25,00;36,14;0;Germany;Western Europe;"Dynamic Media Sales Verlag";"1996-2025";"Orthopedics and Sports Medicine (Q3); Physical Therapy, Sports Therapy and Rehabilitation (Q3); Sports Science (Q4)";"Health Professions; Medicine"
96;21100200826;"Journal of Human Sport and Exercise";journal;"19885202";"Asociacion Espanola de Analisis del Rendimiento Deportivo";Yes;No;0,379;Q4;39;112;193;4058;270;193;1,48;36,23;26,73;0;Spain;Western Europe;"Asociacion Espanola de Analisis del Rendimiento Deportivo";"2010-2026";"Education (Q3); Health (social science) (Q3); Physical Therapy, Sports Therapy and Rehabilitation (Q3); Sports Science (Q4)";"Health Professions; Social Sciences"
97;19900191849;"Journal of Physical Education and Sport";journal;"22478051, 2247806X";"Editura Universitatii din Pitesti";Yes;No;0,375;Q4;43;176;1128;6638;1523;1128;1,45;37,72;37,38;0;Romania;Eastern Europe;"Editura Universitatii din Pitesti";"2011-2025";"Physical Therapy, Sports Therapy and Rehabilitation (Q3); Sports Science (Q4)";"Health Professions"
98;19700183042;"Archives of Budo";journal;"16438698";"Archives of Budo Bartlomiej Barczynski";Yes;No;0,369;Q4;30;9;87;517;143;87;2,06;57,44;27,50;0;Poland;Eastern Europe;"Archives of Budo Bartlomiej Barczynski";"2009-2025";"Physical Therapy, Sports Therapy and Rehabilitation (Q3); Sports Science (Q4)";"Health Professions"
99;17400154821;"Sports Engineering";journal;"14602687, 13697072";"Springer Nature";No;No;0,365;Q4;32;49;113;1549;207;110;1,69;31,61;25,86;1;United States;Northern America;"Springer Nature";"2009-2026";"Biomedical Engineering (Q3); Mechanical Engineering (Q3); Mechanics of Materials (Q3); Modeling and Simulation (Q3); Orthopedics and Sports Medicine (Q3); Physical Therapy, Sports Therapy and Rehabilitation (Q3); Sports Science (Q4)";"Engineering; Health Professions; Mathematics; Medicine"
100;20349;"Science and Sports";journal;"17784131, 07651597";"Elsevier Masson s.r.l.";No;No;0,357;Q4;35;86;327;3094;346;295;1,15;35,98;33,76;0;France;Western Europe;"Elsevier Masson s.r.l.";"1986-2026";"Orthopedics and Sports Medicine (Q3); Sports Science (Q4)";"Health Professions; Medicine"
101;15341;"International Journal of the History of Sport";journal;"09523367, 17439035";"Routledge";No;No;0,324;Q4;33;102;249;4773;148;239;0,45;46,79;32,24;0;United Kingdom;Western Europe;"Routledge";"1984-1995, 2000-2002, 2010-2026";"History (Q1); Social Sciences (miscellaneous) (Q2); Sports Science (Q4)";"Arts and Humanities; Health Professions; Social Sciences"
102;17500155123;"Journal of Imagery Research in Sport and Physical Activity";journal;"19320191";"Walter de Gruyter GmbH";No;No;0,300;Q4;17;8;37;395;38;36;1,06;49,38;66,67;0;Germany;Western Europe;"Walter de Gruyter GmbH";"2009-2025";"Applied Psychology (Q3); Physical Therapy, Sports Therapy and Rehabilitation (Q3); Sports Science (Q4)";"Health Professions; Psychology"
103;35404;"Operative Techniques in Sports Medicine";journal;"15579794, 10601872";"W.B. Saunders";No;No;0,293;Q4;39;15;121;914;116;109;0,68;60,93;26,42;0;United States;Northern America;"W.B. Saunders";"1993-2025";"Orthopedics and Sports Medicine (Q3); Surgery (Q3); Sports Science (Q4)";"Health Professions; Medicine"
104;19867;"Isokinetics and Exercise Science";journal;"18785913, 09593020";"SAGE Publications Ltd";No;No;0,268;Q4;36;19;105;723;95;105;0,80;38,05;23,19;0;United Kingdom;Western Europe;"SAGE Publications Ltd";"1991-1998, 2000-2025";"Orthopedics and Sports Medicine (Q3); Physical Therapy, Sports Therapy and Rehabilitation (Q3); Biophysics (Q4); Sports Science (Q4)";"Biochemistry, Genetics and Molecular Biology; Health Professions; Medicine"
105;19600162207;"Cultura, Ciencia y Deporte";journal;"16965043";"Universidad Catolica San Antonio Murcia";Yes;Yes;0,246;Q4;21;53;148;2624;126;138;0,75;49,51;23,16;0;Spain;Western Europe;"Universidad Catolica San Antonio Murcia";"2009-2025";"Cultural Studies (Q2); Health (social science) (Q3); Physical Therapy, Sports Therapy and Rehabilitation (Q3); Sports Science (Q4)";"Health Professions; Social Sciences"
106;19900192605;"Asian Journal of Sports Medicine";journal;"20087209, 2008000X";"Brieflands";Yes;No;0,241;Q4;41;12;84;332;69;80;0,91;27,67;48,89;0;Netherlands;Western Europe;"Brieflands";"2010-2025";"Orthopedics and Sports Medicine (Q3); Sports Science (Q4)";"Health Professions; Medicine"
107;4700153009;"International Journal of Sport Management and Marketing";journal;"14758962, 17402808";"Inderscience Enterprises Ltd";No;No;0,235;Q4;36;5;68;371;52;68;0,56;74,20;50,00;0;United Kingdom;Western Europe;"Inderscience Enterprises Ltd";"2005-2025";"Business and International Management (Q3); Marketing (Q3); Strategy and Management (Q3); Management Science and Operations Research (Q4); Sports Science (Q4)";"Business, Management and Accounting; Decision Sciences; Health Professions"
108;17048;"Physikalische Medizin Rehabilitationsmedizin Kurortmedizin";journal;"1439085X, 09406689";"Georg Thieme Verlag";Yes;No;0,225;Q4;20;40;150;1135;90;118;0,37;28,38;45,92;0;Germany;Western Europe;"Georg Thieme Verlag";"1991-2026";"Physical Therapy, Sports Therapy and Rehabilitation (Q3); Rehabilitation (Q3); Sports Science (Q4)";"Health Professions; Medicine"
109;19900191750;"Motriz. Revista de Educacao Fisica";journal;"14159805, 19806574";"Universidade Estadual Paulista (UNESP)";Yes;Yes;0,221;Q4;25;29;114;1176;89;114;0,56;40,55;43,61;0;Brazil;Latin America;"Universidade Estadual Paulista (UNESP)";"2010-2025";"Health (social science) (Q3); Medicine (miscellaneous) (Q4); Sports Science (Q4)";"Health Professions; Medicine; Social Sciences"
110;19900192008;"Sport History Review";journal;"10871659, 15432947";"Human Kinetics Publishers Inc.";No;No;0,210;Q4;10;15;45;688;28;36;0,81;45,87;28,57;0;United States;Northern America;"Human Kinetics Publishers Inc.";"1999, 2002, 2009-2025";"History (Q1); Physical Therapy, Sports Therapy and Rehabilitation (Q3); Sports Science (Q4)";"Arts and Humanities; Health Professions"
111;21101079123;"Pamukkale Journal of Sport Sciences";journal;"13090356";"Pamukkale University";Yes;Yes;0,205;Q4;4;22;66;1248;50;66;0,76;56,73;42,47;0;Turkey;Middle East;"Pamukkale University";"2019-2025";"Education (Q3); Orthopedics and Sports Medicine (Q4); Physical Therapy, Sports Therapy and Rehabilitation (Q4); Sports Science (Q4)";"Health Professions; Medicine; Social Sciences"
112;19700201540;"RICYDE: Revista Internacional de Ciencias del Deporte";journal;"18853137";"Revista Internacional de Ciencias del Deporte";Yes;Yes;0,195;Q4;27;0;22;0;15;22;0,33;0,00;0,00;0;Spain;Western Europe;"Revista Internacional de Ciencias del Deporte";"2010-2023";"Physical Therapy, Sports Therapy and Rehabilitation (Q4); Sports Science (Q4)";"Health Professions"
113;13600154749;"South African Journal for Research in Sport, Physical Education and Recreation";journal;"29602386, 03799069";"North-West Unversity";No;No;0,195;Q4;21;12;34;562;22;34;0,86;46,83;36,84;0;South Africa;Africa;"North-West Unversity";"2008-2025";"Education (Q4); Physical Therapy, Sports Therapy and Rehabilitation (Q4); Sports Science (Q4)";"Health Professions; Social Sciences"
114;21100199851;"International Journal of Athletic Therapy and Training";journal;"21577277, 21577285";"Human Kinetics Publishers Inc.";No;No;0,186;Q4;22;51;163;1399;51;157;0,36;27,43;54,29;0;United States;Northern America;"Human Kinetics Publishers Inc.";"2012-2026";"Orthopedics and Sports Medicine (Q4); Physical Therapy, Sports Therapy and Rehabilitation (Q4); Rehabilitation (Q4); Sports Science (Q4)";"Health Professions; Medicine"
115;19812;"Archivos de Medicina del Deporte";journal;"02128799";"Archivos de Medicina del Deporte";No;No;0,183;Q4;16;14;123;373;46;105;0,27;26,64;35,42;0;Spain;Western Europe;"Archivos de Medicina del Deporte";"1997-2025";"Orthopedics and Sports Medicine (Q4); Physical Therapy, Sports Therapy and Rehabilitation (Q4); Sports Science (Q4)";"Health Professions; Medicine"
116;19892;"Medicina dello Sport";journal;"00257826, 18271863";"Edizioni Minerva Medica";No;No;0,156;Q4;18;0;146;0;37;141;0,21;0,00;0,00;0;Italy;Western Europe;"Edizioni Minerva Medica";"1965, 1973-1982, 1996-2024";"Orthopedics and Sports Medicine (Q4); Physical Therapy, Sports Therapy and Rehabilitation (Q4); Sports Science (Q4)";"Health Professions; Medicine"
117;19530;"Sportverletzung-Sportschaden";journal;"14391236, 09320555";"Georg Thieme Verlag";No;No;0,154;Q4;26;76;226;878;22;73;0,08;11,55;30,85;0;Germany;Western Europe;"Georg Thieme Verlag";"1987-2026";"Medicine (miscellaneous) (Q4); Orthopedics and Sports Medicine (Q4); Sports Science (Q4)";"Health Professions; Medicine"
118;19868;"Journal de Traumatologie du Sport";journal;"17730465, 0762915X";"Elsevier Masson s.r.l.";No;No;0,139;Q4;11;85;162;2249;51;145;0,34;26,46;25,48;0;France;Western Europe;"Elsevier Masson s.r.l.";"2003-2026";"Orthopedics and Sports Medicine (Q4); Rehabilitation (Q4); Sports Science (Q4); Surgery (Q4)";"Health Professions; Medicine"
119;19300156914;"Revista Andaluza de Medicina del Deporte";journal;"21725063, 18887546";"Centro Andaluz de Medicina del Deporte";Yes;Yes;0,122;Q4;21;17;77;457;16;76;0,08;26,88;47,62;0;Spain;Western Europe;"Centro Andaluz de Medicina del Deporte";"2008-2025";"Orthopedics and Sports Medicine (Q4); Physiology (medical) (Q4); Sports Science (Q4)";"Health Professions; Medicine"
120;21075;"Journal of Sport History";journal;"00941700, 21558450";"North American Society for Sport History";No;No;0,120;Q4;17;24;73;1248;19;70;0,34;52,00;34,48;0;United States;Northern America;"North American Society for Sport History";"1977-1979, 1981-1984, 1987, 1989, 1999-2002, 2010-2025";"Cultural Studies (Q3); History (Q3); Sports Science (Q4)";"Arts and Humanities; Health Professions; Social Sciences"
121;28781;"Japanese Journal of Physical Fitness and Sports Medicine";journal;"0039906X";"Japanese Society of Physical Fitness and Sports Medicine";No;No;0,109;Q4;14;20;110;567;13;109;0,09;28,35;29,27;0;Japan;Asiatic Region;"Japanese Society of Physical Fitness and Sports Medicine";"1956, 1958-2026";"Orthopedics and Sports Medicine (Q4); Physical Therapy, Sports Therapy and Rehabilitation (Q4); Sports Science (Q4)";"Health Professions; Medicine"
122;17700156017;"Revista de Psicologia del Deporte (discontinued)";journal;"19885636, 1132239X";"Sociedad Revista de Psicologia del Deporte";Yes;No;;-;38;19;358;706;228;358;0,68;37,16;34,55;0;Spain;Western Europe;"Sociedad Revista de Psicologia del Deporte";"2008-2025";"Applied Psychology; Sports Science";"Health Professions; Psychology"
123;19400157209;"Revista Internacional de Medicina y Ciencias de la Actividad Fisica y del Deporte (discontinued)";journal;"15770354";"Universidad Autonoma de Madrid y CV Ciencias del Deporte";Yes;No;;-;30;70;528;1592;147;528;0,20;22,74;52,21;0;Spain;Western Europe;"Universidad Autonoma de Madrid y CV Ciencias del Deporte";"2008-2025";"Physical Therapy, Sports Therapy and Rehabilitation; Sports Science";"Health Professions"
